fecha,nivel_m,caudal_m3s,lluvia_mm,desbordamiento_txt,overflow
2020-01-01,1.13,40.6,0.0,NO,0
2020-01-02,1.1,38.6,0.0,NO,0
2020-01-03,1.13,40.9,0.0,NO,0
2020-01-04,1.1,38.3,0.0,NO,0
2020-01-05,1.08,37.1,0.0,NO,0
2020-01-06,1.07,35.9,0.0,NO,0
2020-01-07,1.04,34.2,0.0,NO,0
2020-01-08,1.04,33.4,0.0,NO,0
2020-01-09,1.01,29.4,2.6,NO,0
2020-01-10,1.0,28.6,0.4,NO,0
2020-01-11,0.99,28.4,0.0,NO,0
2020-01-12,1.01,29.9,0.0,NO,0
2020-01-13,1.01,30.3,0.0,NO,0
2020-01-14,1.01,30.3,0.0,NO,0
2020-01-15,0.98,27.3,0.0,NO,0
2020-01-16,0.97,26.4,1.4,NO,0
2020-01-17,0.97,26.5,0.0,NO,0
2020-01-18,0.97,26.4,19.0,NO,0
2020-01-19,1.04,31.7,0.2,NO,0
2020-01-20,1.24,42.8,0.0,NO,0
2020-01-21,1.09,37.1,5.4,NO,0
2020-01-22,1.06,35.9,0.0,NO,0
2020-01-23,1.07,37.2,0.0,NO,0
2020-01-24,1.06,36.5,0.0,NO,0
2020-01-25,1.02,32.5,3.8,NO,0
2020-01-26,1.02,32.4,0.0,NO,0
2020-01-27,1.01,31.4,0.8,NO,0
2020-01-28,1.01,31.3,0.0,NO,0
2020-01-29,1.02,32.8,0.2,NO,0
2020-01-30,1.02,31.9,0.2,NO,0
2020-01-31,1.03,34.9,0.0,NO,0
2020-02-01,1.05,37.2,0.0,NO,0
2020-02-02,1.05,36.7,0.0,NO,0
2020-02-03,1.04,36.2,0.0,NO,0
2020-02-04,1.03,35.3,0.0,NO,0
2020-02-05,1.0,31.5,0.0,NO,0
2020-02-06,0.99,29.7,0.0,NO,0
2020-02-07,1.01,31.8,0.0,NO,0
2020-02-08,0.98,29.7,2.8,NO,0
2020-02-09,0.96,27.2,0.0,NO,0
2020-02-10,0.95,26.1,0.0,NO,0
2020-02-11,0.95,26.5,0.6,NO,0
2020-02-12,0.96,27.0,0.0,NO,0
2020-02-13,0.96,27.6,0.0,NO,0
2020-02-14,0.94,24.8,0.0,NO,0
2020-02-15,0.91,21.2,0.0,NO,0
2020-02-16,0.89,18.7,0.0,NO,0
2020-02-17,0.91,21.2,4.0,NO,0
2020-02-18,0.92,22.2,0.2,NO,0
2020-02-19,0.94,24.7,0.0,NO,0
2020-02-20,0.98,29.5,0.0,NO,0
2020-02-21,0.92,21.8,0.0,NO,0
2020-02-22,0.91,21.3,0.0,NO,0
2020-02-23,0.89,19.7,0.0,NO,0
2020-02-24,0.89,19.9,0.0,NO,0
2020-02-25,0.89,19.8,0.0,NO,0
2020-02-26,0.89,19.7,0.0,NO,0
2020-02-27,0.89,19.6,0.0,NO,0
2020-02-28,0.89,19.7,0.0,NO,0
2020-02-29,0.89,19.7,0.0,NO,0
2020-03-01,0.9,19.7,18.4,NO,0
2020-03-02,0.92,21.4,3.6,NO,0
2020-03-03,1.06,35.2,1.6,NO,0
2020-03-04,1.15,43.8,0.0,NO,0
2020-03-05,1.16,44.2,2.2,NO,0
2020-03-06,1.09,37.8,12.0,NO,0
2020-03-07,1.35,57.1,0.0,NO,0
2020-03-08,1.72,89.9,0.2,NO,0
2020-03-09,1.5,65.6,0.4,NO,0
2020-03-10,1.36,58.2,0.0,NO,0
2020-03-11,1.22,48.6,0.0,NO,0
2020-03-12,1.12,41.9,0.0,NO,0
2020-03-13,1.11,39.7,0.0,NO,0
2020-03-14,1.08,37.3,0.0,NO,0
2020-03-15,1.07,35.9,19.8,NO,0
2020-03-16,1.11,39.6,14.4,NO,0
2020-03-17,1.7,86.5,0.0,NO,0
2020-03-18,1.57,74.0,0.0,NO,0
2020-03-19,1.42,63.7,0.0,NO,0
2020-03-20,1.11,36.8,0.0,NO,0
2020-03-21,1.08,36.1,0.0,NO,0
2020-03-22,1.05,33.2,0.0,NO,0
2020-03-23,1.02,29.4,0.0,NO,0
2020-03-24,1.02,29.7,0.0,NO,0
2020-03-25,1.01,28.9,0.0,NO,0
2020-03-26,1.02,29.5,0.0,NO,0
2020-03-27,1.02,29.1,0.0,NO,0
2020-03-28,1.0,27.3,0.0,NO,0
2020-03-29,0.96,20.3,0.0,NO,0
2020-03-30,0.92,18.8,0.0,NO,0
2020-03-31,0.92,18.9,4.6,NO,0
2020-04-01,0.94,19.6,3.6,NO,0
2020-04-02,1.01,27.0,0.0,NO,0
2020-04-03,1.0,21.1,0.0,NO,0
2020-04-04,1.0,26.7,0.0,NO,0
2020-04-05,1.0,27.4,1.0,NO,0
2020-04-06,0.99,25.5,5.2,NO,0
2020-04-07,0.96,21.7,0.0,NO,0
2020-04-08,1.05,32.3,0.0,NO,0
2020-04-09,1.06,33.2,1.0,NO,0
2020-04-10,1.01,27.1,0.8,NO,0
2020-04-11,1.3,53.7,1.6,NO,0
2020-04-12,1.85,110.7,1.8,NO,0
2020-04-13,1.94,124.4,1.0,NO,0
2020-04-14,1.8,103.8,1.6,NO,0
2020-04-15,1.49,61.0,1.4,NO,0
2020-04-16,1.43,58.0,6.4,NO,0
2020-04-17,1.31,47.4,0.4,NO,0
2020-04-18,1.31,50.2,7.0,NO,0
2020-04-19,1.41,58.6,0.2,NO,0
2020-04-20,1.36,50.8,0.0,NO,0
2020-04-21,1.18,37.1,5.4,NO,0
2020-04-22,1.18,38.7,0.0,NO,0
2020-04-23,1.2,39.1,0.0,NO,0
2020-04-24,1.15,38.8,0.0,NO,0
2020-04-25,1.1,33.9,4.6,NO,0
2020-04-26,1.18,39.0,5.0,NO,0
2020-04-27,1.37,54.2,0.8,NO,0
2020-04-28,1.61,74.3,0.0,NO,0
2020-04-29,1.45,58.5,0.0,NO,0
2020-04-30,1.2,41.2,0.2,NO,0
2020-05-01,1.23,42.1,11.0,NO,0
2020-05-02,1.19,40.1,0.0,NO,0
2020-05-03,1.14,35.8,0.0,NO,0
2020-05-04,1.12,36.5,0.4,NO,0
2020-05-05,1.12,36.4,0.0,NO,0
2020-05-06,1.09,33.0,0.0,NO,0
2020-05-07,1.07,30.8,0.2,NO,0
2020-05-08,1.02,25.7,2.2,NO,0
2020-05-09,1.04,26.3,21.4,NO,0
2020-05-10,1.19,41.8,9.2,NO,0
2020-05-11,1.28,49.0,9.8,NO,0
2020-05-12,1.2,42.1,30.4,NO,0
2020-05-13,1.18,38.7,0.0,NO,0
2020-05-14,1.16,36.9,0.0,NO,0
2020-05-15,1.13,33.2,0.0,NO,0
2020-05-16,1.14,33.8,0.4,NO,0
2020-05-17,1.1,29.0,0.0,NO,0
2020-05-18,1.11,29.7,0.0,NO,0
2020-05-19,1.04,23.1,0.0,NO,0
2020-05-20,1.05,24.5,0.0,NO,0
2020-05-21,1.05,22.5,0.0,NO,0
2020-05-22,1.02,19.9,0.0,NO,0
2020-05-23,1.12,30.8,0.0,NO,0
2020-05-24,1.02,20.4,0.0,NO,0
2020-05-25,1.02,19.3,0.0,NO,0
2020-05-26,1.04,19.6,0.0,NO,0
2020-05-27,1.05,17.9,0.0,NO,0
2020-05-28,1.16,14.1,0.0,NO,0
2020-05-29,1.05,12.9,0.0,NO,0
2020-05-30,0.95,11.9,0.0,NO,0
2020-05-31,0.96,12.9,0.0,NO,0
2020-06-01,0.95,12.9,0.0,NO,0
2020-06-02,0.95,12.8,0.0,NO,0
2020-06-03,0.96,13.2,6.6,NO,0
2020-06-04,0.92,13.9,0.0,NO,0
2020-06-05,0.87,14.3,0.0,NO,0
2020-06-06,0.87,14.1,15.2,NO,0
2020-06-07,0.87,13.8,2.2,NO,0
2020-06-08,0.88,14.2,0.0,NO,0
2020-06-09,0.9,15.9,0.0,NO,0
2020-06-10,0.91,16.2,0.0,NO,0
2020-06-11,0.96,19.3,10.0,NO,0
2020-06-12,0.92,15.9,2.4,NO,0
2020-06-13,0.89,13.8,0.2,NO,0
2020-06-14,0.89,13.8,0.0,NO,0
2020-06-15,0.9,13.8,0.0,NO,0
2020-06-16,0.89,12.6,12.8,NO,0
2020-06-17,0.88,12.3,2.4,NO,0
2020-06-18,0.9,13.1,0.0,NO,0
2020-06-19,0.91,13.9,0.0,NO,0
2020-06-20,0.9,13.0,0.0,NO,0
2020-06-21,0.86,10.4,0.0,NO,0
2020-06-22,0.87,10.7,0.0,NO,0
2020-06-23,0.97,18.6,0.0,NO,0
2020-06-24,1.1,24.2,0.0,NO,0
2020-06-25,0.97,18.3,0.4,NO,0
2020-06-26,1.03,23.8,0.0,NO,0
2020-06-27,1.04,25.0,0.0,NO,0
2020-06-28,1.05,24.9,0.0,NO,0
2020-06-29,1.03,23.0,0.0,NO,0
2020-06-30,1.02,22.0,0.0,NO,0
2020-07-01,1.02,20.9,4.0,NO,0
2020-07-02,1.04,22.4,0.0,NO,0
2020-07-03,1.08,24.5,0.0,NO,0
2020-07-04,1.06,22.5,0.0,NO,0
2020-07-05,1.03,19.7,0.0,NO,0
2020-07-06,1.03,19.7,0.0,NO,0
2020-07-07,1.05,21.2,0.0,NO,0
2020-07-08,1.09,22.5,0.0,NO,0
2020-07-09,1.14,26.6,0.2,NO,0
2020-07-10,1.17,29.7,0.0,NO,0
2020-07-11,1.16,29.9,0.8,NO,0
2020-07-12,1.12,25.7,9.0,NO,0
2020-07-13,1.11,23.9,0.0,NO,0
2020-07-14,1.15,27.1,0.0,NO,0
2020-07-15,1.18,28.5,0.0,NO,0
2020-07-16,1.14,25.3,0.0,NO,0
2020-07-17,1.15,25.7,0.0,NO,0
2020-07-18,1.27,30.4,0.0,NO,0
2020-07-19,1.23,28.9,0.0,NO,0
2020-07-20,1.23,29.3,0.0,NO,0
2020-07-21,1.24,30.0,1.8,NO,0
2020-07-22,1.16,23.5,0.0,NO,0
2020-07-23,1.24,32.4,0.0,NO,0
2020-07-24,1.33,36.8,0.0,NO,0
2020-07-25,1.41,39.2,0.0,NO,0
2020-07-26,1.36,38.3,0.0,NO,0
2020-07-27,1.35,39.9,0.0,NO,0
2020-07-28,1.33,38.8,0.0,NO,0
2020-07-29,1.33,38.7,0.0,NO,0
2020-07-30,1.34,38.7,0.8,NO,0
2020-07-31,1.38,39.3,0.0,NO,0
2020-08-02,1.38,38.9,0.0,NO,0
2020-08-03,1.36,38.8,0.0,NO,0
2020-08-04,1.34,39.5,0.0,NO,0
2020-08-05,1.34,39.0,0.0,NO,0
2020-08-06,1.35,39.9,0.0,NO,0
2020-08-07,1.35,39.5,1.6,NO,0
2020-08-08,1.34,39.0,1.2,NO,0
2020-08-09,1.35,38.7,0.0,NO,0
2020-08-10,1.35,38.1,0.2,NO,0
2020-08-11,1.35,38.6,13.6,NO,0
2020-08-12,1.36,38.9,4.8,NO,0
2020-08-13,1.36,38.2,0.0,NO,0
2020-08-14,1.26,31.5,0.0,NO,0
2020-08-15,1.28,32.1,0.0,NO,0
2020-08-16,1.32,33.7,0.0,NO,0
2020-08-17,1.33,33.3,4.6,NO,0
2020-08-18,1.35,32.7,0.4,NO,0
2020-08-19,1.31,31.3,0.0,NO,0
2020-08-20,1.28,31.4,0.0,NO,0
2020-08-21,1.27,30.6,1.4,NO,0
2020-08-22,1.26,29.9,0.0,NO,0
2020-08-23,1.26,29.2,0.0,NO,0
2020-08-24,1.26,29.4,0.0,NO,0
2020-08-25,1.26,29.4,0.0,NO,0
2020-08-26,1.26,29.5,0.0,NO,0
2020-08-27,1.26,29.4,0.0,NO,0
2020-08-28,1.25,28.7,0.0,NO,0
2020-08-29,1.26,29.6,1.8,NO,0
2020-08-30,1.27,30.2,0.0,NO,0
2020-08-31,1.27,30.7,0.0,NO,0
2020-09-01,1.28,31.3,0.0,NO,0
2020-09-02,1.31,32.7,0.0,NO,0
2020-09-03,1.29,31.4,0.0,NO,0
2020-09-04,1.27,30.8,0.0,NO,0
2020-09-05,1.27,30.8,0.0,NO,0
2020-09-06,1.27,30.3,0.0,NO,0
2020-09-07,1.26,29.8,0.0,NO,0
2020-09-08,1.27,29.7,0.0,NO,0
2020-09-09,1.27,29.2,0.0,NO,0
2020-09-10,1.27,30.5,0.0,NO,0
2020-09-11,1.26,30.3,0.0,NO,0
2020-09-12,1.26,30.9,0.0,NO,0
2020-09-13,1.26,31.0,0.0,NO,0
2020-09-14,1.27,30.4,2.6,NO,0
2020-09-15,1.27,29.6,0.0,NO,0
2020-09-16,1.28,29.7,0.8,NO,0
2020-09-17,1.27,28.8,9.6,NO,0
2020-09-18,1.27,28.6,6.0,NO,0
2020-09-19,1.27,28.6,20.4,NO,0
2020-09-20,1.24,26.9,3.0,NO,0
2020-09-21,1.22,25.9,0.0,NO,0
2020-09-22,1.14,20.5,0.0,NO,0
2020-09-23,1.14,19.7,0.6,NO,0
2020-09-24,1.16,21.6,0.4,NO,0
2020-09-25,1.16,23.3,1.0,NO,0
2020-09-26,1.19,24.5,3.2,NO,0
2020-09-27,1.45,48.7,0.0,NO,0
2020-09-28,1.5,57.3,0.0,NO,0
2020-09-29,1.21,26.6,0.0,NO,0
2020-09-30,0.99,12.8,0.0,NO,0
2020-10-01,0.97,12.5,18.6,NO,0
2020-10-02,1.1,18.8,1.2,NO,0
2020-10-03,1.4,46.9,1.8,NO,0
2020-10-04,1.58,67.1,1.4,NO,0
2020-10-05,1.24,27.4,0.0,NO,0
2020-10-06,1.22,27.6,0.0,NO,0
2020-10-07,1.03,15.4,0.0,NO,0
2020-10-08,0.96,12.8,0.0,NO,0
2020-10-09,0.93,11.4,0.0,NO,0
2020-10-10,0.91,10.3,0.4,NO,0
2020-10-11,0.91,10.4,1.6,NO,0
2020-10-12,0.99,14.8,2.8,NO,0
2020-10-13,1.31,38.8,2.8,NO,0
2020-10-14,1.72,88.1,9.0,NO,0
2020-10-15,2.18,164.6,1.4,NO,0
2020-10-16,1.82,103.7,0.0,NO,0
2020-10-17,1.42,49.5,0.0,NO,0
2020-10-18,1.18,30.8,0.0,NO,0
2020-10-19,1.09,24.4,3.4,NO,0
2020-10-20,1.04,19.8,9.0,NO,0
2020-10-21,1.2,31.0,2.4,NO,0
2020-10-22,1.73,90.3,8.0,NO,0
2020-10-23,1.53,61.1,0.0,NO,0
2020-10-24,1.36,38.1,0.4,NO,0
2020-10-25,1.31,34.4,6.2,NO,0
2020-10-26,1.21,25.9,0.6,NO,0
2020-10-27,1.19,26.4,0.0,NO,0
2020-10-28,1.19,24.9,0.0,NO,0
2020-10-29,1.09,18.5,0.0,NO,0
2020-10-30,1.05,17.0,0.0,NO,0
2020-10-31,1.09,18.2,0.0,NO,0
2020-11-01,1.05,16.7,0.0,NO,0
2020-11-02,1.04,16.0,2.4,NO,0
2020-11-03,1.04,12.6,0.0,NO,0
2020-11-04,1.11,17.4,0.4,NO,0
2020-11-05,1.13,20.3,0.0,NO,0
2020-11-06,1.08,17.7,21.2,NO,0
2020-11-07,1.04,15.6,0.0,NO,0
2020-11-08,1.04,16.0,0.0,NO,0
2020-11-09,1.04,16.0,0.0,NO,0
2020-11-10,1.03,15.4,0.0,NO,0
2020-11-11,1.02,14.7,0.0,NO,0
2020-11-12,1.02,14.3,0.0,NO,0
2020-11-13,1.02,14.4,0.0,NO,0
2020-11-14,1.01,13.8,0.0,NO,0
2020-11-15,1.01,14.1,13.0,NO,0
2020-11-16,1.03,15.1,0.0,NO,0
2020-11-17,1.0,13.6,0.0,NO,0
2020-11-18,0.98,12.3,0.0,NO,0
2020-11-19,0.96,11.4,0.0,NO,0
2020-11-20,0.95,10.8,0.0,NO,0
2020-11-21,0.95,11.0,0.0,NO,0
2020-11-22,1.02,15.1,0.0,NO,0
2020-11-23,1.02,14.8,0.0,NO,0
2020-11-24,0.98,12.4,0.0,NO,0
2020-11-25,0.97,11.9,0.0,NO,0
2020-11-26,0.96,11.5,0.0,NO,0
2020-11-27,0.95,11.3,0.0,NO,0
2020-11-28,0.94,10.3,0.0,NO,0
2020-11-29,0.94,10.3,0.0,NO,0
2020-11-30,0.94,10.4,0.0,NO,0
2020-12-01,0.93,10.3,0.0,NO,0
2020-12-02,0.94,10.4,0.6,NO,0
2020-12-03,0.94,10.0,25.4,NO,0
2020-12-04,0.94,9.8,0.6,NO,0
2020-12-05,0.94,9.9,0.2,NO,0
2020-12-06,0.95,10.7,4.4,NO,0
2020-12-07,1.41,56.0,5.2,NO,0
2020-12-08,1.97,128.8,9.0,NO,0
2020-12-09,2.31,186.6,1.2,NO,0
2020-12-10,2.13,156.1,5.4,NO,0
2020-12-11,2.67,252.2,1.8,NO,0
2020-12-12,2.56,233.1,0.0,NO,0
2020-12-13,2.21,168.6,0.0,NO,0
2020-12-14,1.82,104.4,4.6,NO,0
2020-12-15,1.7,85.9,0.0,NO,0
2020-12-16,1.54,64.0,0.0,NO,0
2020-12-17,1.45,53.2,0.0,NO,0
2020-12-18,1.31,44.6,0.2,NO,0
2020-12-19,1.28,43.6,3.4,NO,0
2020-12-20,1.2,38.0,0.0,NO,0
2020-12-21,1.15,34.9,0.0,NO,0
2020-12-22,1.17,37.1,0.0,NO,0
2020-12-23,1.14,34.5,0.0,NO,0
2020-12-24,1.14,33.6,0.0,NO,0
2020-12-25,1.1,31.0,0.0,NO,0
2020-12-26,1.2,40.1,0.0,NO,0
2020-12-27,1.3,45.6,0.0,NO,0
2020-12-28,1.41,53.4,0.0,NO,0
2020-12-29,1.73,89.3,0.0,NO,0
2020-12-30,1.53,65.9,0.0,NO,0
2020-12-31,1.62,74.4,0.0,NO,0
2021-01-01,1.6,73.6,0.0,NO,0
2021-01-02,1.56,69.3,0.0,NO,0
2021-01-03,1.48,59.5,0.0,NO,0
2021-01-04,1.46,57.7,0.0,NO,0
2021-01-05,1.45,56.4,0.0,NO,0
2021-01-06,1.33,50.6,0.0,NO,0
2021-01-07,1.28,46.8,0.0,NO,0
2021-01-08,1.3,48.1,0.0,NO,0
2021-01-09,1.28,47.3,0.0,NO,0
2021-01-10,1.25,45.4,0.0,NO,0
2021-01-11,1.24,45.3,0.0,NO,0
2021-01-12,1.17,39.0,0.0,NO,0
2021-01-13,1.17,39.6,0.0,NO,0
2021-01-14,1.2,40.8,0.0,NO,0
2021-01-15,1.19,41.6,0.0,NO,0
2021-01-16,1.58,70.7,0.0,NO,0
2021-01-17,1.57,67.1,0.0,NO,0
2021-01-18,1.63,78.3,0.0,NO,0
2021-01-19,1.82,103.8,0.0,NO,0
2021-01-20,1.9,116.7,0.0,NO,0
2021-01-21,2.28,181.5,0.0,NO,0
2021-01-22,2.43,206.7,0.0,NO,0
2021-01-23,2.2,168.3,0.0,NO,0
2021-01-24,2.09,149.2,0.0,NO,0
2021-01-25,2.15,159.5,0.0,NO,0
2021-01-26,2.29,182.3,0.0,NO,0
2021-01-27,2.11,151.8,0.0,NO,0
2021-01-28,2.11,152.3,0.0,NO,0
2021-01-29,1.85,108.6,0.6,NO,0
2021-01-30,1.69,84.4,0.0,NO,0
2021-01-31,1.65,77.9,0.2,NO,0
2021-02-01,1.59,72.0,0.0,NO,0
2021-02-02,1.47,61.2,0.0,NO,0
2021-02-03,1.45,63.2,0.0,NO,0
2021-02-04,1.44,62.1,0.0,NO,0
2021-02-05,1.4,58.2,0.0,NO,0
2021-02-06,1.68,89.0,0.0,NO,0
2021-02-07,2.41,203.4,0.0,NO,0
2021-02-08,1.88,114.7,0.0,NO,0
2021-02-09,1.78,97.3,0.0,NO,0
2021-02-10,1.81,102.9,0.0,NO,0
2021-02-11,1.77,96.7,0.0,NO,0
2021-02-12,1.66,79.5,4.0,NO,0
2021-02-13,1.82,103.8,0.0,NO,0
2021-02-14,1.65,78.9,0.0,NO,0
2021-02-15,1.58,71.1,0.0,NO,0
2021-02-16,1.5,65.1,0.0,NO,0
2021-02-17,1.39,56.4,0.0,NO,0
2021-02-18,1.35,54.7,0.4,NO,0
2021-02-19,1.34,53.2,0.0,NO,0
2021-02-20,1.29,48.3,0.0,NO,0
2021-02-21,1.14,39.4,30.0,NO,0
2021-02-22,2.02,147.0,3.0,NO,0
2021-02-23,2.16,161.3,0.0,NO,0
2021-02-24,1.82,103.8,0.0,NO,0
2021-02-25,1.69,83.4,0.0,NO,0
2021-02-26,1.59,70.1,0.0,NO,0
2021-02-27,1.46,64.1,0.0,NO,0
2021-02-28,1.42,60.6,8.8,NO,0
2021-03-01,1.38,56.1,0.0,NO,0
2021-03-02,1.37,55.6,0.0,NO,0
2021-03-03,1.32,51.8,0.0,NO,0
2021-03-04,1.27,48.4,0.0,NO,0
2021-03-05,1.24,45.5,0.0,NO,0
2021-03-06,1.23,43.8,0.2,NO,0
2021-03-07,1.2,41.9,0.0,NO,0
2021-03-08,1.14,38.7,0.0,NO,0
2021-03-09,1.07,34.4,0.0,NO,0
2021-03-10,1.1,37.2,0.0,NO,0
2021-03-11,1.1,36.6,3.8,NO,0
2021-03-12,1.07,34.2,0.2,NO,0
2021-03-13,1.07,33.9,0.8,NO,0
2021-03-14,1.03,31.4,0.4,NO,0
2021-03-15,1.03,31.2,0.0,NO,0
2021-03-16,1.01,27.9,0.0,NO,0
2021-03-17,1.06,34.0,0.0,NO,0
2021-03-18,1.03,29.6,1.8,NO,0
2021-03-19,1.07,32.5,6.0,NO,0
2021-03-20,1.73,101.7,0.0,NO,0
2021-03-21,1.45,61.1,0.0,NO,0
2021-03-22,1.26,45.3,0.0,NO,0
2021-03-23,1.1,37.0,0.0,NO,0
2021-03-24,1.1,37.2,0.0,NO,0
2021-03-25,1.1,37.2,0.0,NO,0
2021-03-26,1.09,35.8,0.0,NO,0
2021-03-27,0.99,24.9,0.0,NO,0
2021-03-28,1.01,26.1,0.0,NO,0
2021-03-29,0.97,22.1,0.0,NO,0
2021-03-30,1.03,29.9,0.0,NO,0
2021-03-31,0.99,25.8,0.0,NO,0
2021-04-01,0.99,25.5,0.0,NO,0
2021-04-02,0.97,23.5,0.0,NO,0
2021-04-03,1.0,26.7,0.0,NO,0
2021-04-04,1.0,25.4,0.0,NO,0
2021-04-05,0.95,20.3,0.0,NO,0
2021-04-06,0.95,20.0,0.0,NO,0
2021-04-07,0.93,19.0,0.0,NO,0
2021-04-08,0.93,19.6,4.2,NO,0
2021-04-09,0.94,19.5,2.6,NO,0
2021-04-10,0.94,19.6,12.6,NO,0
2021-04-11,0.95,20.8,2.2,NO,0
2021-04-12,0.99,22.2,0.0,NO,0
2021-04-13,1.05,28.5,0.0,NO,0
2021-04-14,1.04,28.5,0.0,NO,0
2021-04-15,1.01,24.0,0.0,NO,0
2021-04-16,0.99,20.9,0.0,NO,0
2021-04-17,0.96,19.5,0.0,NO,0
2021-04-18,0.93,17.0,0.0,NO,0
2021-04-19,0.92,16.3,0.2,NO,0
2021-04-20,0.93,16.3,0.6,NO,0
2021-04-21,0.94,16.3,2.2,NO,0
2021-04-22,0.97,18.3,0.0,NO,0
2021-04-23,1.02,22.6,0.0,NO,0
2021-04-24,1.01,20.4,1.6,NO,0
2021-04-25,0.99,18.7,6.2,NO,0
2021-04-26,0.99,18.2,5.6,NO,0
2021-04-27,1.0,18.2,5.8,NO,0
2021-04-28,1.0,18.3,6.0,NO,0
2021-04-29,1.0,18.3,3.6,NO,0
2021-04-30,1.01,18.3,0.8,NO,0
2021-05-01,1.06,21.4,0.0,NO,0
2021-05-02,1.07,22.1,2.2,NO,0
2021-05-03,1.04,19.8,0.2,NO,0
2021-05-04,1.03,18.8,0.0,NO,0
2021-05-05,1.03,18.8,0.0,NO,0
2021-05-06,1.03,18.7,0.0,NO,0
2021-05-07,1.06,21.9,0.0,NO,0
2021-05-08,0.99,15.6,0.0,NO,0
2021-05-09,0.96,12.5,0.0,NO,0
2021-05-10,0.94,10.9,0.2,NO,0
2021-05-11,0.97,13.5,0.0,NO,0
2021-05-12,0.99,14.3,6.0,NO,0
2021-05-13,1.0,14.5,1.8,NO,0
2021-05-14,1.02,15.7,0.2,NO,0
2021-05-15,1.1,21.6,0.0,NO,0
2021-05-16,1.08,19.4,1.8,NO,0
2021-05-17,1.07,18.1,0.0,NO,0
2021-05-18,1.04,16.2,0.0,NO,0
2021-05-19,1.02,13.8,0.0,NO,0
2021-05-20,1.03,14.7,0.0,NO,0
2021-05-21,1.08,17.7,3.8,NO,0
2021-05-22,1.0,12.0,0.0,NO,0
2021-05-23,1.03,14.2,0.0,NO,0
2021-05-24,1.01,11.7,1.4,NO,0
2021-05-25,1.02,12.5,0.0,NO,0
2021-05-26,1.15,20.7,0.0,NO,0
2021-05-27,1.19,23.3,0.0,NO,0
2021-05-28,1.18,21.7,12.2,NO,0
2021-05-29,1.16,20.1,5.6,NO,0
2021-05-30,1.15,19.6,0.0,NO,0
2021-05-31,1.16,19.7,2.4,NO,0
2021-06-01,1.29,22.5,11.6,NO,0
2021-06-02,1.31,23.6,0.2,NO,0
2021-06-03,1.19,20.1,3.4,NO,0
2021-06-04,1.09,14.1,4.0,NO,0
2021-06-05,1.11,14.6,0.0,NO,0
2021-06-06,1.11,14.3,0.0,NO,0
2021-06-07,1.11,14.1,0.0,NO,0
2021-06-08,1.09,12.7,0.0,NO,0
2021-06-09,1.08,12.3,0.0,NO,0
2021-06-10,1.08,12.4,0.0,NO,0
2021-06-11,1.07,12.4,0.0,NO,0
2021-06-12,1.09,13.3,0.0,NO,0
2021-06-13,1.19,19.2,0.0,NO,0
2021-06-14,1.2,19.2,2.4,NO,0
2021-06-15,1.21,20.0,2.4,NO,0
2021-06-16,1.32,25.4,3.4,NO,0
2021-06-17,1.31,20.7,7.2,NO,0
2021-06-18,1.3,24.4,10.6,NO,0
2021-06-19,1.43,34.7,0.0,NO,0
2021-06-20,1.6,45.2,0.0,NO,0
2021-06-21,1.24,20.7,5.0,NO,0
2021-06-22,1.13,13.7,0.2,NO,0
2021-06-23,1.38,31.4,0.4,NO,0
2021-06-24,1.3,20.8,0.0,NO,0
2021-06-25,1.22,13.7,0.0,NO,0
2021-06-26,1.37,21.4,0.0,NO,0
2021-06-27,1.32,18.5,0.0,NO,0
2021-06-28,1.41,23.4,1.2,NO,0
2021-06-29,1.42,22.6,0.0,NO,0
2021-06-30,1.43,23.6,0.0,NO,0
2021-07-01,1.34,18.9,0.0,NO,0
2021-07-02,1.37,20.2,0.0,NO,0
2021-07-03,1.5,26.9,0.0,NO,0
2021-07-04,1.57,29.6,0.0,NO,0
2021-07-05,1.54,28.5,0.0,NO,0
2021-07-06,1.6,28.9,0.4,NO,0
2021-07-07,1.65,33.9,1.6,NO,0
2021-07-08,1.65,32.5,0.0,NO,0
2021-07-09,1.64,31.8,0.0,NO,0
2021-07-10,1.63,32.6,0.0,NO,0
2021-07-11,1.63,34.8,0.0,NO,0
2021-07-12,1.64,33.8,0.0,NO,0
2021-07-13,1.62,32.0,0.0,NO,0
2021-07-14,1.62,31.2,0.0,NO,0
2021-07-15,1.55,31.3,0.0,NO,0
2021-07-16,1.47,32.0,0.0,NO,0
2021-07-17,1.53,33.6,0.0,NO,0
2021-07-18,1.49,31.0,0.0,NO,0
2021-07-19,1.46,30.7,0.0,NO,0
2021-07-20,1.49,31.9,0.0,NO,0
2021-07-21,1.51,33.1,0.0,NO,0
2021-07-22,1.54,32.5,0.0,NO,0
2021-07-23,1.63,37.7,0.0,NO,0
2021-07-24,1.57,32.3,0.0,NO,0
2021-07-25,1.6,34.6,0.0,NO,0
2021-07-26,1.53,32.7,0.0,NO,0
2021-07-27,1.54,33.8,0.0,NO,0
2021-07-28,1.61,34.5,0.0,NO,0
2021-07-29,1.51,32.3,0.0,NO,0
2021-07-30,1.59,35.3,0.0,NO,0
2021-07-31,1.52,31.7,0.0,NO,0
2021-08-01,1.56,32.2,0.0,NO,0
2021-08-02,1.57,33.6,0.0,NO,0
2021-08-03,1.59,34.0,7.2,NO,0
2021-08-04,1.61,34.4,0.0,NO,0
2021-08-05,1.6,33.6,0.0,NO,0
2021-08-06,1.61,34.5,0.2,NO,0
2021-08-07,1.54,31.4,0.0,NO,0
2021-08-08,1.5,30.6,0.0,NO,0
2021-08-09,1.5,30.1,0.0,NO,0
2021-08-10,1.49,29.3,0.0,NO,0
2021-08-11,1.51,29.8,0.0,NO,0
2021-08-12,1.49,29.5,0.0,NO,0
2021-08-13,1.5,29.5,0.0,NO,0
2021-08-14,1.49,29.8,0.0,NO,0
2021-08-15,1.51,30.0,0.0,NO,0
2021-08-16,1.51,29.9,0.0,NO,0
2021-08-17,1.5,29.8,0.0,NO,0
2021-08-18,1.51,29.7,0.0,NO,0
2021-08-19,1.5,29.7,0.0,NO,0
2021-08-20,1.51,29.7,0.0,NO,0
2021-08-21,1.5,29.5,0.0,NO,0
2021-08-22,1.5,29.7,0.0,NO,0
2021-08-23,1.53,30.6,0.0,NO,0
2021-08-24,1.52,30.2,0.0,NO,0
2021-08-25,1.53,30.0,0.0,NO,0
2021-08-26,1.52,29.7,0.0,NO,0
2021-08-27,1.52,29.9,0.0,NO,0
2021-08-28,1.52,29.7,0.0,NO,0
2021-08-29,1.52,29.1,0.0,NO,0
2021-08-30,1.51,28.3,0.0,NO,0
2021-08-31,1.5,27.6,4.8,NO,0
2021-09-01,1.42,25.7,0.2,NO,0
2021-09-02,1.28,18.3,0.6,NO,0
2021-09-03,1.17,13.4,0.8,NO,0
2021-09-04,1.14,10.3,0.0,NO,0
2021-09-05,1.25,16.9,0.0,NO,0
2021-09-06,1.31,19.8,0.0,NO,0
2021-09-07,1.35,20.4,0.0,NO,0
2021-09-08,1.32,20.1,0.0,NO,0
2021-09-09,1.21,16.4,8.6,NO,0
2021-09-10,1.22,17.2,0.6,NO,0
2021-09-11,1.24,18.1,0.0,NO,0
2021-09-12,1.23,18.2,0.0,NO,0
2021-09-13,1.23,18.4,0.8,NO,0
2021-09-14,1.23,18.8,0.2,NO,0
2021-09-15,1.21,18.1,5.6,NO,0
2021-09-16,1.11,10.2,0.0,NO,0
2021-09-17,1.12,11.7,5.4,NO,0
2021-09-18,1.1,9.8,0.0,NO,0
2021-09-19,1.11,10.1,0.0,NO,0
2021-09-20,1.11,10.1,2.0,NO,0
2021-09-21,1.11,10.1,1.0,NO,0
2021-09-22,1.13,11.4,0.0,NO,0
2021-09-23,1.11,12.8,0.0,NO,0
2021-09-24,1.17,17.4,7.0,NO,0
2021-09-25,1.16,17.3,0.4,NO,0
2021-09-26,1.07,13.0,0.0,NO,0
2021-09-27,1.08,11.4,0.0,NO,0
2021-09-28,1.1,10.4,0.0,NO,0
2021-09-29,1.1,10.4,0.0,NO,0
2021-09-30,1.1,10.4,0.0,NO,0
2021-10-01,1.09,10.4,0.0,NO,0
2021-10-02,1.09,10.4,2.6,NO,0
2021-10-03,1.09,10.4,7.4,NO,0
2021-10-04,1.09,10.4,0.0,NO,0
2021-10-05,1.09,10.4,0.0,NO,0
2021-10-06,1.09,10.4,0.0,NO,0
2021-10-07,1.09,10.4,0.0,NO,0
2021-10-08,1.09,10.4,0.0,NO,0
2021-10-09,1.08,10.2,0.0,NO,0
2021-10-10,1.08,10.1,0.0,NO,0
2021-10-11,1.08,10.2,0.0,NO,0
2021-10-12,1.08,10.2,0.0,NO,0
2021-10-13,1.08,10.1,0.0,NO,0
2021-10-14,1.07,10.0,0.0,NO,0
2021-10-15,1.07,10.1,0.0,NO,0
2021-10-16,1.08,10.1,1.2,NO,0
2021-10-17,1.07,10.1,0.0,NO,0
2021-10-18,1.07,10.1,0.0,NO,0
2021-10-19,1.07,10.1,0.0,NO,0
2021-10-20,1.07,10.1,0.4,NO,0
2021-10-21,1.07,10.1,0.0,NO,0
2021-10-22,1.07,10.1,0.0,NO,0
2021-10-23,1.07,10.1,0.0,NO,0
2021-10-24,1.07,10.1,0.0,NO,0
2021-10-25,1.07,10.1,0.0,NO,0
2021-10-26,1.06,10.1,0.0,NO,0
2021-10-27,1.06,10.1,0.0,NO,0
2021-10-28,1.06,10.1,0.2,NO,0
2021-10-29,1.06,10.1,22.2,NO,0
2021-10-30,1.06,10.1,4.0,NO,0
2021-10-31,1.06,10.0,7.4,NO,0
2021-11-01,1.06,10.0,0.0,NO,0
2021-11-02,1.06,9.9,10.6,NO,0
2021-11-03,1.06,10.1,0.2,NO,0
2021-11-04,1.06,10.7,2.0,NO,0
2021-11-05,1.21,19.3,1.0,NO,0
2021-11-06,1.41,35.9,0.0,NO,0
2021-11-07,1.2,29.9,0.0,NO,0
2021-11-08,1.1,20.5,0.0,NO,0
2021-11-09,1.04,15.9,0.0,NO,0
2021-11-10,1.03,12.2,0.0,NO,0
2021-11-11,1.04,10.9,0.0,NO,0
2021-11-12,1.03,9.4,0.0,NO,0
2021-11-13,1.02,10.0,0.0,NO,0
2021-11-14,1.02,10.1,3.0,NO,0
2021-11-15,1.02,10.3,0.2,NO,0
2021-11-16,1.19,20.5,0.8,NO,0
2021-11-17,1.13,18.4,0.0,NO,0
2021-11-18,1.12,21.0,0.0,NO,0
2021-11-19,1.07,15.0,0.0,NO,0
2021-11-20,1.13,15.9,0.0,NO,0
2021-11-21,1.1,14.0,0.8,NO,0
2021-11-22,1.04,10.9,4.4,NO,0
2021-11-23,1.14,16.4,14.0,NO,0
2021-11-24,1.37,32.9,1.0,NO,0
2021-11-25,1.57,45.0,0.6,NO,0
2021-11-26,1.57,53.6,4.6,NO,0
2021-11-27,1.74,85.7,24.2,NO,0
2021-11-28,1.81,99.0,25.2,NO,0
2021-11-29,3.11,362.5,8.2,SI,1
2021-11-30,4.89,716.0,0.0,SI,1
2021-12-01,2.27,180.3,6.8,NO,0
2021-12-02,2.5,220.6,7.2,NO,0
2021-12-03,2.61,241.6,0.2,NO,0
2021-12-04,2.49,217.8,7.6,NO,0
2021-12-05,2.63,244.5,17.0,NO,0
2021-12-06,3.37,396.1,0.2,NO,0
2021-12-07,2.9,298.0,6.0,NO,0
2021-12-08,3.19,360.3,4.4,NO,0
2021-12-09,2.91,302.0,7.4,NO,0
2021-12-10,5.77,856.2,2.8,SI,1
2021-12-11,4.25,587.0,1.4,SI,1
2021-12-12,2.96,311.3,0.0,NO,0
2021-12-13,2.2,169.3,0.0,NO,0
2021-12-14,1.94,124.3,0.0,NO,0
2021-12-15,1.73,101.8,0.0,NO,0
2021-12-16,1.56,86.2,0.0,NO,0
2021-12-17,1.43,72.3,0.0,NO,0
2021-12-18,1.4,67.5,0.0,NO,0
2021-12-19,1.31,59.2,0.0,NO,0
2021-12-20,1.29,57.9,0.0,NO,0
2021-12-21,1.25,47.8,0.0,NO,0
2021-12-22,1.32,43.9,0.0,NO,0
2021-12-23,1.28,44.8,0.0,NO,0
2021-12-24,1.32,41.5,0.0,NO,0
2021-12-25,1.29,40.1,0.0,NO,0
2021-12-26,1.29,39.0,0.4,NO,0
2021-12-27,1.16,37.2,0.0,NO,0
2021-12-28,1.07,37.0,0.0,NO,0
2021-12-29,1.08,38.3,0.0,NO,0
2021-12-30,1.12,34.5,0.0,NO,0
2021-12-31,1.2,33.3,0.0,NO,0
2022-01-01,1.18,32.1,0.0,NO,0
2022-01-02,1.11,25.0,0.0,NO,0
2022-01-03,1.15,28.4,0.0,NO,0
2022-01-04,1.15,28.5,3.6,NO,0
2022-01-05,1.04,28.6,0.0,NO,0
2022-01-06,1.02,38.3,0.0,NO,0
2022-01-07,1.04,40.5,0.8,NO,0
2022-01-08,1.3,56.4,0.2,NO,0
2022-01-09,1.3,54.7,6.6,NO,0
2022-01-10,2.3,205.6,0.2,NO,0
2022-01-11,2.2,168.1,0.0,NO,0
2022-01-12,1.75,107.6,0.0,NO,0
2022-01-13,1.46,76.1,0.0,NO,0
2022-01-14,1.27,57.0,0.0,NO,0
2022-01-15,1.21,52.2,0.0,NO,0
2022-01-16,1.1,43.4,0.0,NO,0
2022-01-17,1.0,36.7,0.0,NO,0
2022-01-18,1.02,39.8,0.0,NO,0
2022-01-19,1.0,37.1,0.0,NO,0
2022-01-20,0.96,32.1,0.6,NO,0
2022-01-21,0.99,35.6,0.0,NO,0
2022-01-22,0.94,30.9,0.0,NO,0
2022-01-23,0.95,31.4,0.0,NO,0
2022-01-24,0.97,33.9,0.0,NO,0
2022-01-25,0.93,28.1,0.0,NO,0
2022-01-26,0.91,25.5,0.0,NO,0
2022-01-27,0.91,25.6,0.0,NO,0
2022-01-28,0.91,25.8,0.0,NO,0
2022-01-29,0.92,21.4,0.0,NO,0
2022-01-30,0.92,20.9,0.0,NO,0
2022-01-31,0.88,22.4,1.8,NO,0
2022-02-01,0.87,21.4,0.2,NO,0
2022-02-02,0.87,21.5,0.0,NO,0
2022-02-03,1.0,30.2,0.0,NO,0
2022-02-04,1.02,27.6,0.0,NO,0
2022-02-05,0.9,26.6,0.0,NO,0
2022-02-06,0.89,21.6,0.0,NO,0
2022-02-07,0.89,25.4,0.0,NO,0
2022-02-08,0.84,18.0,0.0,NO,0
2022-02-09,0.84,18.8,0.0,NO,0
2022-02-10,0.84,18.8,0.2,NO,0
2022-02-11,0.85,19.5,0.0,NO,0
2022-02-12,0.83,18.4,0.0,NO,0
2022-02-13,0.84,18.8,0.0,NO,0
2022-02-14,0.84,19.4,0.6,NO,0
2022-02-15,0.84,19.5,0.2,NO,0
2022-02-16,0.84,19.5,0.0,NO,0
2022-02-17,0.84,19.6,0.0,NO,0
2022-02-18,0.84,19.7,0.0,NO,0
2022-02-19,0.85,20.5,0.0,NO,0
2022-02-20,0.84,19.7,0.0,NO,0
2022-02-21,0.92,18.4,0.0,NO,0
2022-02-22,0.91,18.8,0.0,NO,0
2022-02-23,0.83,18.8,0.8,NO,0
2022-02-24,0.83,18.8,0.0,NO,0
2022-02-25,0.83,18.6,0.8,NO,0
2022-02-26,0.83,18.0,0.6,NO,0
2022-02-27,0.81,16.9,0.0,NO,0
2022-02-28,0.82,18.4,0.0,NO,0
2022-03-01,0.83,18.8,2.4,NO,0
2022-03-02,0.84,18.8,1.0,NO,0
2022-03-03,0.85,21.8,14.0,NO,0
2022-03-04,1.05,41.7,0.6,NO,0
2022-03-05,1.28,57.8,0.0,NO,0
2022-03-06,1.15,50.5,0.4,NO,0
2022-03-07,1.03,40.4,0.4,NO,0
2022-03-08,0.97,36.5,0.2,NO,0
2022-03-09,0.9,26.9,3.2,NO,0
2022-03-10,0.93,32.7,0.6,NO,0
2022-03-11,0.9,27.7,0.4,NO,0
2022-03-12,0.97,36.1,5.2,NO,0
2022-03-13,0.95,34.2,0.0,NO,0
2022-03-14,0.98,37.2,0.8,NO,0
2022-03-15,1.01,39.7,0.0,NO,0
2022-03-16,1.04,40.6,0.0,NO,0
2022-03-17,1.0,39.6,1.2,NO,0
2022-03-18,1.07,41.6,0.0,NO,0
2022-03-19,1.03,40.8,0.0,NO,0
2022-03-20,1.02,40.4,0.0,NO,0
2022-03-21,1.04,39.9,0.0,NO,0
2022-03-22,0.98,29.3,0.0,NO,0
2022-03-23,0.98,29.9,0.0,NO,0
2022-03-24,0.92,24.9,0.4,NO,0
2022-03-25,0.89,20.3,0.4,NO,0
2022-03-26,0.92,24.9,0.0,NO,0
2022-03-27,0.97,33.5,0.0,NO,0
2022-03-28,0.91,27.8,0.0,NO,0
2022-03-29,0.86,19.3,2.4,NO,0
2022-03-30,0.9,24.0,2.0,NO,0
2022-03-31,0.88,22.0,0.4,NO,0
2022-04-01,0.92,28.5,13.8,NO,0
2022-04-02,0.95,34.0,4.0,NO,0
2022-04-03,0.99,37.3,0.0,NO,0
2022-04-04,1.03,41.0,0.0,NO,0
2022-04-05,1.12,43.9,0.0,NO,0
2022-04-06,1.11,47.3,0.0,NO,0
2022-04-07,1.19,54.5,0.4,NO,0
2022-04-08,1.33,71.5,6.6,NO,0
2022-04-09,1.42,78.4,0.0,NO,0
2022-04-10,1.24,57.1,0.0,NO,0
2022-04-11,1.04,42.9,7.2,NO,0
2022-04-12,1.02,42.2,6.8,NO,0
2022-04-13,1.0,38.0,0.0,NO,0
2022-04-14,0.98,36.5,0.0,NO,0
2022-04-15,0.91,27.2,0.0,NO,0
2022-04-16,0.91,27.6,0.0,NO,0
2022-04-17,0.9,26.2,0.0,NO,0
2022-04-18,0.91,27.4,3.6,NO,0
2022-04-19,0.92,19.7,5.0,NO,0
2022-04-20,1.08,36.4,0.2,NO,0
2022-04-21,1.19,52.2,0.0,NO,0
2022-04-22,1.22,51.7,6.2,NO,0
2022-04-23,1.06,41.6,2.4,NO,0
2022-04-24,1.56,86.6,0.0,NO,0
2022-04-25,1.66,95.4,0.0,NO,0
2022-04-26,1.47,79.9,0.8,NO,0
2022-04-27,1.3,61.3,12.2,NO,0
2022-04-28,1.26,58.5,0.4,NO,0
2022-04-29,1.3,58.7,0.0,NO,0
2022-04-30,1.26,55.4,0.0,NO,0
2022-05-01,1.19,52.0,0.0,NO,0
2022-05-02,1.03,38.7,0.2,NO,0
2022-05-03,1.02,38.1,0.0,NO,0
2022-05-04,1.02,37.4,0.0,NO,0
2022-05-05,1.02,37.7,0.0,NO,0
2022-05-06,1.0,35.0,0.0,NO,0
2022-05-07,0.99,34.5,0.0,NO,0
2022-05-08,0.95,29.8,0.0,NO,0
2022-05-09,0.91,26.3,0.0,NO,0
2022-05-10,0.88,20.9,0.0,NO,0
2022-05-11,0.89,23.6,0.4,NO,0
2022-05-12,0.93,28.8,3.6,NO,0
2022-05-13,0.93,28.7,0.0,NO,0
2022-05-14,0.93,28.3,1.6,NO,0
2022-05-15,0.92,27.3,0.0,NO,0
2022-05-16,0.9,23.5,0.0,NO,0
2022-05-17,0.94,16.7,0.0,NO,0
2022-05-18,0.85,17.7,0.0,NO,0
2022-05-19,0.85,17.7,0.0,NO,0
2022-05-20,0.85,17.6,0.0,NO,0
2022-05-21,0.85,17.7,0.0,NO,0
2022-05-22,0.86,17.6,3.0,NO,0
2022-05-23,0.87,18.7,0.0,NO,0
2022-05-24,0.87,16.8,0.6,NO,0
2022-05-25,0.87,17.5,0.0,NO,0
2022-05-26,0.87,17.7,0.0,NO,0
2022-05-27,0.87,16.6,0.0,NO,0
2022-05-28,0.86,16.2,0.0,NO,0
2022-05-29,0.89,16.4,0.0,NO,0
2022-05-30,0.88,16.1,0.0,NO,0
2022-05-31,0.9,16.3,0.0,NO,0
2022-06-01,0.88,16.0,0.0,NO,0
2022-06-02,0.87,16.1,0.0,NO,0
2022-06-03,0.92,15.9,0.0,NO,0
2022-06-04,0.97,16.1,0.0,NO,0
2022-06-05,0.97,15.6,0.0,NO,0
2022-06-06,0.97,15.7,0.0,NO,0
2022-06-07,0.94,16.4,0.0,NO,0
2022-06-08,0.94,22.1,0.0,NO,0
2022-06-09,0.99,23.7,0.0,NO,0
2022-06-10,0.98,21.2,0.0,NO,0
2022-06-11,0.99,24.8,0.0,NO,0
2022-06-12,0.95,20.4,0.0,NO,0
2022-06-13,0.96,20.2,0.0,NO,0
2022-06-14,0.96,20.9,0.0,NO,0
2022-06-15,0.98,22.4,0.0,NO,0
2022-06-16,0.94,20.3,0.0,NO,0
2022-06-17,1.02,26.0,0.0,NO,0
2022-06-18,1.06,27.8,0.0,NO,0
2022-06-19,1.04,27.6,0.0,NO,0
2022-06-20,1.02,25.9,0.0,NO,0
2022-06-21,0.99,24.3,0.0,NO,0
2022-06-22,0.99,23.1,0.0,NO,0
2022-06-23,0.99,23.1,0.0,NO,0
2022-06-24,0.99,23.2,0.0,NO,0
2022-06-25,0.99,23.3,0.0,NO,0
2022-06-26,1.01,24.2,0.0,NO,0
2022-06-27,1.0,23.2,0.0,NO,0
2022-06-28,1.0,24.2,0.0,NO,0
2022-06-29,1.0,25.2,0.0,NO,0
2022-06-30,1.02,25.5,0.0,NO,0
2022-07-01,1.02,26.6,0.0,NO,0
2022-07-02,1.06,27.3,0.0,NO,0
2022-07-03,1.08,28.4,0.0,NO,0
2022-07-04,1.12,28.3,0.0,NO,0
2022-07-05,1.08,26.5,0.0,NO,0
2022-07-06,1.02,24.1,0.0,NO,0
2022-07-07,1.0,21.4,0.0,NO,0
2022-07-08,0.94,16.6,0.0,NO,0
2022-07-09,0.92,14.5,0.0,NO,0
2022-07-10,0.93,15.9,0.0,NO,0
2022-07-11,0.97,20.0,0.0,NO,0
2022-07-12,1.02,26.2,0.0,NO,0
2022-07-13,1.14,28.2,0.0,NO,0
2022-07-14,1.08,31.6,0.0,NO,0
2022-07-15,1.06,30.4,0.0,NO,0
2022-07-16,1.07,32.5,0.0,NO,0
2022-07-17,1.1,35.7,0.0,NO,0
2022-07-18,1.25,39.9,0.0,NO,0
2022-07-19,1.34,39.4,0.0,NO,0
2022-07-20,1.33,39.5,0.0,NO,0
2022-07-21,1.32,38.9,0.0,NO,0
2022-07-22,1.2,37.6,0.0,NO,0
2022-07-23,1.13,35.0,0.0,NO,0
2022-07-24,1.12,33.1,0.0,NO,0
2022-07-25,1.09,31.2,0.0,NO,0
2022-07-26,1.1,31.2,0.0,NO,0
2022-07-27,1.09,30.8,0.0,NO,0
2022-07-28,1.12,30.8,0.0,NO,0
2022-07-29,1.19,32.4,0.0,NO,0
2022-07-30,1.13,34.5,0.0,NO,0
2022-07-31,1.13,34.6,0.0,NO,0
2022-08-01,1.13,34.6,0.0,NO,0
2022-08-02,1.13,34.6,0.0,NO,0
2022-08-03,1.13,33.8,0.0,NO,0
2022-08-04,1.14,34.0,0.0,NO,0
2022-08-05,1.14,34.1,0.0,NO,0
2022-08-06,1.15,35.3,0.0,NO,0
2022-08-07,1.15,34.4,0.0,NO,0
2022-08-08,1.15,34.4,0.0,NO,0
2022-08-09,1.16,34.5,0.0,NO,0
2022-08-10,1.18,34.4,0.0,NO,0
2022-08-11,1.17,34.7,0.0,NO,0
2022-08-12,1.15,34.9,0.0,NO,0
2022-08-13,1.16,34.9,0.0,NO,0
2022-08-14,1.16,34.9,0.0,NO,0
2022-08-15,1.15,34.4,0.0,NO,0
2022-08-16,1.15,33.8,0.0,NO,0
2022-08-17,1.15,33.8,0.0,NO,0
2022-08-18,1.15,33.8,0.0,NO,0
2022-08-19,1.16,35.0,0.0,NO,0
2022-08-20,1.16,35.9,0.0,NO,0
2022-08-21,1.16,35.9,0.0,NO,0
2022-08-22,1.17,35.9,0.0,NO,0
2022-08-23,1.17,35.9,0.0,NO,0
2022-08-24,1.17,35.6,0.0,NO,0
2022-08-25,1.16,33.7,0.0,NO,0
2022-08-26,1.16,33.7,0.0,NO,0
2022-08-27,1.16,33.7,0.0,NO,0
2022-08-28,1.16,33.7,0.0,NO,0
2022-08-29,1.14,32.6,0.0,NO,0
2022-08-30,1.12,31.3,0.0,NO,0
2022-08-31,1.07,25.9,0.0,NO,0
2022-09-01,1.03,21.6,0.0,NO,0
2022-09-02,1.02,20.0,0.0,NO,0
2022-09-03,1.01,20.1,0.0,NO,0
2022-09-04,1.02,22.0,0.0,NO,0
2022-09-05,1.05,25.3,0.0,NO,0
2022-09-06,1.04,25.2,0.0,NO,0
2022-09-07,1.07,25.2,0.0,NO,0
2022-09-08,1.05,25.5,0.0,NO,0
2022-09-09,1.04,25.9,0.0,NO,0
2022-09-10,1.04,25.6,0.0,NO,0
2022-09-11,1.04,25.6,0.0,NO,0
2022-09-12,1.04,25.6,0.0,NO,0
2022-09-13,1.04,25.6,0.0,NO,0
2022-09-14,1.04,22.6,0.0,NO,0
2022-09-15,0.99,18.8,0.0,NO,0
2022-09-16,0.93,13.2,0.0,NO,0
2022-09-17,0.98,11.0,0.0,NO,0
2022-09-18,1.02,13.4,0.0,NO,0
2022-09-19,0.99,14.8,0.0,NO,0
2022-09-20,0.93,14.8,0.0,NO,0
2022-09-21,0.93,14.9,0.0,NO,0
2022-09-22,0.93,15.2,0.0,NO,0
2022-09-23,0.93,15.2,0.0,NO,0
2022-09-24,0.93,15.2,0.0,NO,0
2022-09-25,0.93,15.2,0.0,NO,0
2022-09-26,0.93,15.2,0.0,NO,0
2022-09-27,0.9,15.2,0.0,NO,0
2022-09-28,0.92,15.1,0.0,NO,0
2022-09-29,0.92,15.4,0.0,NO,0
2022-09-30,0.97,19.0,0.0,NO,0
2022-10-01,1.07,29.5,0.0,NO,0
2022-10-02,0.97,19.2,0.0,NO,0
2022-10-03,0.91,14.2,0.0,NO,0
2022-10-04,0.91,14.5,0.0,NO,0
2022-10-05,0.91,14.5,0.0,NO,0
2022-10-06,0.91,14.7,0.0,NO,0
2022-10-07,0.91,14.3,0.0,NO,0
2022-10-08,0.91,13.9,0.0,NO,0
2022-10-09,0.89,12.8,1.2,NO,0
2022-10-10,0.89,12.8,0.2,NO,0
2022-10-11,0.95,12.8,4.8,NO,0
2022-10-12,0.99,12.8,0.0,NO,0
2022-10-13,0.99,12.8,0.0,NO,0
2022-10-14,1.0,12.8,0.0,NO,0
2022-10-15,1.0,12.8,0.0,NO,0
2022-10-16,1.0,12.8,2.2,NO,0
2022-10-17,1.0,12.8,0.0,NO,0
2022-10-18,1.0,12.8,0.0,NO,0
2022-10-19,1.01,12.4,1.4,NO,0
2022-10-20,1.03,13.0,2.2,NO,0
2022-10-21,1.01,11.5,0.0,NO,0
2022-10-22,1.0,11.4,1.0,NO,0
2022-10-23,0.99,10.8,0.0,NO,0
2022-10-24,0.98,10.7,0.0,NO,0
2022-10-25,0.98,10.7,0.0,NO,0
2022-10-26,0.98,10.7,0.0,NO,0
2022-10-27,0.98,10.4,0.0,NO,0
2022-10-28,0.97,11.2,0.0,NO,0
2022-10-29,0.97,10.5,0.0,NO,0
2022-10-30,0.97,10.3,2.8,NO,0
2022-10-31,0.97,10.3,0.4,NO,0
2022-11-01,0.97,10.3,0.0,NO,0
2022-11-02,0.97,10.5,0.0,NO,0
2022-11-03,1.01,12.5,0.2,NO,0
2022-11-04,1.0,12.0,0.4,NO,0
2022-11-05,1.0,12.1,0.0,NO,0
2022-11-06,1.0,12.0,0.0,NO,0
2022-11-07,1.0,11.9,0.0,NO,0
2022-11-08,1.0,12.1,0.0,NO,0
2022-11-09,0.99,11.3,0.2,NO,0
2022-11-10,1.0,12.3,0.0,NO,0
2022-11-11,0.99,11.6,0.0,NO,0
2022-11-12,0.97,10.2,0.0,NO,0
2022-11-13,0.97,10.2,0.4,NO,0
2022-11-14,0.97,10.3,1.0,NO,0
2022-11-15,0.97,10.2,0.2,NO,0
2022-11-16,0.97,10.3,0.0,NO,0
2022-11-17,0.97,10.3,0.0,NO,0
2022-11-18,0.97,10.3,2.2,NO,0
2022-11-19,0.97,10.3,1.6,NO,0
2022-11-20,0.97,11.1,3.6,NO,0
2022-11-21,1.32,48.6,10.0,NO,0
2022-11-22,1.3,53.5,2.2,NO,0
2022-11-23,1.09,34.9,1.2,NO,0
2022-11-24,0.94,17.3,15.0,NO,0
2022-11-25,0.95,18.8,0.2,NO,0
2022-11-26,0.96,19.6,0.0,NO,0
2022-11-27,0.94,18.1,3.6,NO,0
2022-11-28,0.94,18.2,0.2,NO,0
2022-11-29,0.92,13.3,0.0,NO,0
2022-11-30,0.97,11.1,0.0,NO,0
2022-12-01,0.96,10.5,0.0,NO,0
2022-12-02,0.96,10.4,0.0,NO,0
2022-12-03,0.95,10.6,0.8,NO,0
2022-12-04,0.95,10.1,0.0,NO,0
2022-12-05,0.95,10.1,0.2,NO,0
2022-12-06,0.95,10.1,0.0,NO,0
2022-12-07,0.95,10.1,0.0,NO,0
2022-12-08,0.95,10.1,3.4,NO,0
2022-12-09,0.94,11.2,1.8,NO,0
2022-12-10,0.95,10.0,0.0,NO,0
2022-12-11,0.95,10.0,1.6,NO,0
2022-12-12,0.96,10.2,18.4,NO,0
2022-12-13,0.94,16.7,3.0,NO,0
2022-12-14,0.96,20.7,4.8,NO,0
2022-12-15,1.0,25.7,5.8,NO,0
2022-12-16,1.0,26.4,1.0,NO,0
2022-12-17,1.0,28.1,0.0,NO,0
2022-12-18,1.0,27.5,0.0,NO,0
2022-12-19,0.9,14.6,0.0,NO,0
2022-12-20,0.89,14.1,6.2,NO,0
2022-12-21,0.89,14.1,0.0,NO,0
2022-12-22,0.89,14.1,0.0,NO,0
2022-12-23,0.9,14.6,0.0,NO,0
2022-12-24,0.89,14.5,0.0,NO,0
2022-12-25,0.89,13.9,0.0,NO,0
2022-12-26,0.89,14.3,0.8,NO,0
2022-12-27,0.92,11.6,0.0,NO,0
2022-12-28,0.95,11.1,0.0,NO,0
2022-12-29,0.95,11.1,5.0,NO,0
2022-12-30,0.95,11.1,0.0,NO,0
2022-12-31,0.94,11.0,0.0,NO,0
2023-01-01,0.94,18.6,0.6,NO,0
2023-01-02,0.92,19.2,0.0,NO,0
2023-01-03,0.93,12.2,0.0,NO,0
2023-01-04,0.96,11.7,0.0,NO,0
2023-01-05,0.95,11.0,0.0,NO,0
2023-01-06,0.97,12.5,0.0,NO,0
2023-01-07,0.96,12.3,8.0,NO,0
2023-01-08,0.96,14.3,6.6,NO,0
2023-01-09,0.95,11.7,0.0,NO,0
2023-01-10,0.98,24.6,1.8,NO,0
2023-01-11,0.91,17.5,3.6,NO,0
2023-01-12,0.92,19.5,0.0,NO,0
2023-01-13,0.95,22.9,0.0,NO,0
2023-01-14,0.94,21.9,2.6,NO,0
2023-01-15,0.94,22.5,6.8,NO,0
2023-01-16,1.1,39.4,11.4,NO,0
2023-01-17,1.95,148.6,8.8,NO,0
2023-01-18,1.78,112.0,12.4,NO,0
2023-01-19,1.46,72.8,4.2,NO,0
2023-01-20,1.87,135.0,0.0,NO,0
2023-01-21,2.07,145.8,0.2,NO,0
2023-01-22,1.59,89.1,0.0,NO,0
2023-01-23,1.35,67.2,0.0,NO,0
2023-01-24,1.29,63.9,0.0,NO,0
2023-01-25,1.23,55.8,3.8,NO,0
2023-01-26,1.12,49.0,0.8,NO,0
2023-01-27,1.41,76.6,1.0,NO,0
2023-01-28,1.55,91.1,0.2,NO,0
2023-01-29,1.4,75.2,0.0,NO,0
2023-01-30,1.26,59.3,0.0,NO,0
2023-01-31,1.13,50.0,0.0,NO,0
2023-02-01,1.11,47.2,0.0,NO,0
2023-02-02,1.22,57.6,0.0,NO,0
2023-02-03,1.24,59.4,0.0,NO,0
2023-02-04,1.14,49.3,0.0,NO,0
2023-02-05,1.1,46.6,0.0,NO,0
2023-02-06,1.08,43.5,0.0,NO,0
2023-02-07,1.09,44.7,0.6,NO,0
2023-02-08,1.09,45.0,0.0,NO,0
2023-02-09,1.07,43.6,0.0,NO,0
2023-02-10,1.01,34.7,0.0,NO,0
2023-02-11,0.99,32.7,0.0,NO,0
2023-02-12,0.97,29.7,0.0,NO,0
2023-02-13,0.94,25.4,0.0,NO,0
2023-02-14,0.94,24.8,0.0,NO,0
2023-02-15,0.95,26.7,0.0,NO,0
2023-02-16,0.97,30.1,0.0,NO,0
2023-02-17,0.99,34.6,0.0,NO,0
2023-02-18,0.98,36.4,0.0,NO,0
2023-02-20,1.05,41.8,0.0,NO,0
2023-02-21,1.07,39.8,0.0,NO,0
2023-02-22,1.0,34.1,9.8,NO,0
2023-02-23,1.11,46.5,5.8,NO,0
2023-02-24,1.15,49.7,0.0,NO,0
2023-02-25,1.04,40.6,0.4,NO,0
2023-02-26,1.02,38.0,0.0,NO,0
2023-02-27,1.01,36.4,0.8,NO,0
2023-02-28,1.0,34.7,0.6,NO,0
2023-03-01,0.94,25.1,0.0,NO,0
2023-03-02,0.93,25.0,0.0,NO,0
2023-03-03,0.94,26.4,0.2,NO,0
2023-03-04,0.96,29.2,0.0,NO,0
2023-03-05,0.94,26.4,0.0,NO,0
2023-03-08,1.11,45.3,1.8,NO,0
2023-03-09,1.29,59.3,0.2,NO,0
2023-03-10,1.21,53.0,0.0,NO,0
2023-03-11,0.99,34.3,0.6,NO,0
2023-03-12,0.99,34.3,0.0,NO,0
2023-03-13,1.04,38.9,0.6,NO,0
2023-03-14,0.96,31.8,0.0,NO,0
2023-03-15,0.95,27.5,0.0,NO,0
2023-03-16,0.89,14.7,0.0,NO,0
2023-03-17,0.87,12.7,0.2,NO,0
2023-03-18,0.88,13.9,1.4,NO,0
2023-03-19,0.88,13.5,0.0,NO,0
2023-03-20,0.88,14.1,0.0,NO,0
2023-03-21,0.88,14.1,0.0,NO,0
2023-03-22,0.88,14.4,0.0,NO,0
2023-03-23,0.87,13.7,0.0,NO,0
2023-03-24,0.87,16.5,0.8,NO,0
2023-03-25,0.87,16.7,0.0,NO,0
2023-03-26,0.88,16.8,0.0,NO,0
2023-03-27,0.87,13.9,0.0,NO,0
2023-03-28,0.85,10.6,0.0,NO,0
2023-03-29,0.85,10.6,0.0,NO,0
2023-03-30,0.84,10.6,0.0,NO,0
2023-03-31,0.84,10.6,0.0,NO,0
2023-04-01,0.85,10.6,1.4,NO,0
2023-04-02,0.85,10.6,0.0,NO,0
2023-04-03,0.85,10.5,0.0,NO,0
2023-04-04,0.83,10.2,0.0,NO,0
2023-04-05,0.88,10.2,0.0,NO,0
2023-04-06,0.95,10.3,0.0,NO,0
2023-04-07,0.95,10.3,0.0,NO,0
2023-04-08,0.95,10.3,0.0,NO,0
2023-04-09,0.96,10.3,0.0,NO,0
2023-04-10,0.96,10.3,0.0,NO,0
2023-04-11,0.88,10.6,0.0,NO,0
2023-04-12,0.83,10.7,6.2,NO,0
2023-04-13,0.82,10.6,0.0,NO,0
2023-04-14,0.83,10.4,0.0,NO,0
2023-04-15,0.84,10.2,0.0,NO,0
2023-04-16,0.85,10.2,0.0,NO,0
2023-04-17,0.89,10.2,0.0,NO,0
2023-04-18,0.96,10.6,0.0,NO,0
2023-04-19,0.96,10.6,0.0,NO,0
2023-04-20,0.96,10.2,0.0,NO,0
2023-04-21,0.96,10.3,1.0,NO,0
2023-04-22,0.97,10.3,0.0,NO,0
2023-04-23,0.97,10.3,9.2,NO,0
2023-04-24,0.98,10.3,0.8,NO,0
2023-04-25,0.97,10.3,0.0,NO,0
2023-04-26,0.97,10.3,0.0,NO,0
2023-04-27,0.98,10.3,0.0,NO,0
2023-04-28,0.98,10.3,0.0,NO,0
2023-04-29,0.98,10.3,0.6,NO,0
2023-04-30,0.97,9.2,0.0,NO,0
2023-05-01,0.92,6.2,0.0,NO,0
2023-05-02,0.92,6.2,0.0,NO,0
2023-05-03,0.92,6.2,0.0,NO,0
2023-05-04,0.92,6.2,0.0,NO,0
2023-05-05,0.92,6.2,0.0,NO,0
2023-05-06,0.92,6.2,0.2,NO,0
2023-05-07,0.92,6.2,0.0,NO,0
2023-05-08,0.92,5.9,0.0,NO,0
2023-05-09,0.92,4.6,3.0,NO,0
2023-05-10,0.93,6.2,0.2,NO,0
2023-05-11,0.92,6.2,0.2,NO,0
2023-05-12,0.92,6.2,0.6,NO,0
2023-05-13,1.06,15.5,0.4,NO,0
2023-05-14,1.12,19.9,1.4,NO,0
2023-05-15,1.28,42.8,0.6,NO,0
2023-05-16,1.04,27.8,0.0,NO,0
2023-05-17,0.98,20.2,0.0,NO,0
2023-05-18,0.96,17.9,0.0,NO,0
2023-05-19,0.93,10.7,0.0,NO,0
2023-05-20,0.99,10.9,0.0,NO,0
2023-05-21,0.99,10.8,0.0,NO,0
2023-05-22,0.99,10.8,0.0,NO,0
2023-05-23,0.99,10.8,0.0,NO,0
2023-05-24,0.99,10.8,0.0,NO,0
2023-05-25,0.98,10.4,0.0,NO,0
2023-05-26,0.99,10.3,0.0,NO,0
2023-05-27,1.0,10.0,0.0,NO,0
2023-05-28,1.0,10.0,0.0,NO,0
2023-05-29,1.0,10.0,0.2,NO,0
2023-05-30,1.0,10.2,3.4,NO,0
2023-05-31,1.0,10.1,4.4,NO,0
2023-06-01,1.0,10.8,0.0,NO,0
2023-06-02,1.0,10.8,3.8,NO,0
2023-06-03,1.0,11.0,3.2,NO,0
2023-06-04,0.99,11.0,0.0,NO,0
2023-06-05,0.99,15.5,10.2,NO,0
2023-06-06,0.95,14.6,0.0,NO,0
2023-06-07,0.97,11.7,0.0,NO,0
2023-06-08,1.01,12.0,0.0,NO,0
2023-06-09,0.98,10.1,2.8,NO,0
2023-06-10,0.98,10.1,2.0,NO,0
2023-06-11,1.02,15.1,16.0,NO,0
2023-06-12,1.14,31.9,11.6,NO,0
2023-06-13,1.16,33.5,1.4,NO,0
2023-06-14,1.18,34.6,0.0,NO,0
2023-06-15,0.99,15.2,0.0,NO,0
2023-06-16,1.05,20.9,0.0,NO,0
2023-06-17,1.0,11.0,2.8,NO,0
2023-06-18,1.09,27.1,0.2,NO,0
2023-06-19,1.11,28.9,2.2,NO,0
2023-06-20,1.45,58.2,2.2,NO,0
2023-06-21,1.58,64.9,7.0,NO,0
2023-06-22,1.38,48.5,0.0,NO,0
2023-06-23,1.26,38.8,0.0,NO,0
2023-06-24,1.02,19.4,0.0,NO,0
2023-06-25,1.11,27.0,0.0,NO,0
2023-06-26,0.96,13.6,0.0,NO,0
2023-06-27,0.99,10.8,0.0,NO,0
2023-06-28,1.02,12.9,0.0,NO,0
2023-06-29,1.0,14.8,0.0,NO,0
2023-06-30,0.97,15.5,0.0,NO,0
2023-07-01,0.99,12.8,0.0,NO,0
2023-07-02,1.0,18.6,0.0,NO,0
2023-07-03,1.06,24.6,0.0,NO,0
2023-07-04,1.03,21.3,0.0,NO,0
2023-07-05,0.99,15.4,0.0,NO,0
2023-07-06,0.99,15.4,2.6,NO,0
2023-07-07,1.01,17.9,1.6,NO,0
2023-07-08,1.03,20.0,0.0,NO,0
2023-07-09,1.01,19.7,0.0,NO,0
2023-07-10,1.01,18.4,0.0,NO,0
2023-07-11,1.02,17.4,0.0,NO,0
2023-07-12,1.03,19.7,0.4,NO,0
2023-07-13,0.99,16.6,0.0,NO,0
2023-07-14,1.04,20.2,0.0,NO,0
2023-07-15,1.02,18.9,0.0,NO,0
2023-07-16,1.01,18.1,0.0,NO,0
2023-07-17,1.01,17.6,0.0,NO,0
2023-07-18,1.01,18.5,0.0,NO,0
2023-07-19,1.06,23.2,0.0,NO,0
2023-07-20,1.05,22.4,0.0,NO,0
2023-07-21,1.05,22.0,0.0,NO,0
2023-07-22,1.06,23.6,0.0,NO,0
2023-07-23,1.06,22.6,0.0,NO,0
2023-07-24,1.07,22.3,0.0,NO,0
2023-07-25,1.05,20.8,0.0,NO,0
2023-07-26,1.04,20.0,0.0,NO,0
2023-07-27,1.06,22.4,1.4,NO,0
2023-07-28,1.09,25.0,0.0,NO,0
2023-07-29,1.05,20.1,0.0,NO,0
2023-07-30,1.06,22.0,0.0,NO,0
2023-07-31,1.07,22.0,0.0,NO,0
2023-08-01,1.06,21.9,0.0,NO,0
2023-08-02,1.06,21.7,0.0,NO,0
2023-08-03,1.06,20.8,0.2,NO,0
2023-08-04,1.06,20.0,0.0,NO,0
2023-08-05,1.06,21.0,0.0,NO,0
2023-08-06,1.08,23.0,0.0,NO,0
2023-08-07,1.07,21.7,0.0,NO,0
2023-08-08,1.06,20.9,0.0,NO,0
2023-08-09,1.06,20.3,0.0,NO,0
2023-08-10,1.04,20.0,0.0,NO,0
2023-08-11,1.06,21.6,0.0,NO,0
2023-08-12,1.04,21.2,0.0,NO,0
2023-08-13,1.04,21.1,0.0,NO,0
2023-08-14,1.04,19.8,0.0,NO,0
2023-08-15,1.04,20.1,0.0,NO,0
2023-08-16,1.05,20.1,0.0,NO,0
2023-08-17,1.04,20.1,0.0,NO,0
2023-08-18,1.03,21.2,0.0,NO,0
2023-08-19,1.02,21.2,0.0,NO,0
2023-08-20,1.02,21.2,0.0,NO,0
2023-08-21,1.02,21.0,0.0,NO,0
2023-08-22,1.01,20.2,0.0,NO,0
2023-08-23,1.0,20.4,0.0,NO,0
2023-08-24,1.0,20.2,0.0,NO,0
2023-08-25,1.0,19.5,0.0,NO,0
2023-08-26,0.99,18.2,0.4,NO,0
2023-08-27,0.99,18.2,0.6,NO,0
2023-08-28,1.0,19.5,0.2,NO,0
2023-08-29,1.15,34.8,0.0,NO,0
2023-08-30,1.13,32.6,0.8,NO,0
2023-08-31,1.14,34.4,0.0,NO,0
2023-09-01,1.04,23.9,3.0,NO,0
2023-09-02,1.0,19.6,4.6,NO,0
2023-09-03,0.97,15.7,0.2,NO,0
2023-09-04,0.96,14.6,5.0,NO,0
2023-09-05,0.95,14.0,0.0,NO,0
2023-09-06,0.94,13.6,0.0,NO,0
2023-09-07,0.94,13.0,0.0,NO,0
2023-09-08,0.96,14.7,0.0,NO,0
2023-09-09,0.93,12.9,0.4,NO,0
2023-09-10,0.94,12.9,1.0,NO,0
2023-09-11,0.95,13.7,10.0,NO,0
2023-09-12,0.95,14.1,0.0,NO,0
2023-09-13,0.99,17.3,0.0,NO,0
2023-09-14,1.01,14.8,0.0,NO,0
2023-09-15,1.04,13.0,2.2,NO,0
2023-09-16,1.01,11.0,0.0,NO,0
2023-09-17,1.0,10.2,5.8,NO,0
2023-09-18,0.99,10.0,0.0,NO,0
2023-09-19,0.99,10.0,0.0,NO,0
2023-09-20,0.99,10.2,0.0,NO,0
2023-09-21,0.99,10.5,5.6,NO,0
2023-09-22,0.98,10.1,0.0,NO,0
2023-09-23,0.99,10.4,0.0,NO,0
2023-09-24,0.99,10.5,0.0,NO,0
2023-09-25,0.98,10.5,0.0,NO,0
2023-09-26,0.98,10.5,0.0,NO,0
2023-09-27,0.98,10.5,0.0,NO,0
2023-09-28,0.95,10.5,0.0,NO,0
2023-09-29,0.97,10.5,0.0,NO,0
2023-09-30,0.97,10.5,0.0,NO,0
2023-10-01,0.97,10.5,0.0,NO,0
2023-10-02,0.97,10.7,0.0,NO,0
2023-10-03,0.97,10.8,0.0,NO,0
2023-10-04,0.97,10.8,0.0,NO,0
2023-10-05,0.97,10.8,0.0,NO,0
2023-10-06,0.97,10.8,0.0,NO,0
2023-10-07,0.97,10.8,0.0,NO,0
2023-10-08,0.97,10.8,0.0,NO,0
2023-10-09,0.96,10.8,0.0,NO,0
2023-10-10,0.96,10.8,0.0,NO,0
2023-10-11,0.96,10.8,0.0,NO,0
2023-10-12,0.96,10.6,0.0,NO,0
2023-10-13,0.96,10.2,0.0,NO,0
2023-10-14,0.96,10.4,0.2,NO,0
2023-10-15,0.96,10.4,2.6,NO,0
2023-10-16,0.94,10.4,0.0,NO,0
2023-10-17,0.95,10.4,0.0,NO,0
2023-10-18,0.96,10.4,0.6,NO,0
2023-10-19,0.96,10.4,6.0,NO,0
2023-10-20,0.93,10.8,1.8,NO,0
2023-10-21,0.96,10.3,0.0,NO,0
2023-10-22,0.96,10.3,11.6,NO,0
2023-10-23,0.96,10.3,5.2,NO,0
2023-10-24,0.95,10.2,0.4,NO,0
2023-10-25,0.96,10.3,4.6,NO,0
2023-10-26,0.97,10.4,3.6,NO,0
2023-10-27,1.2,41.6,0.2,NO,0
2023-10-28,0.98,21.8,1.0,NO,0
2023-10-29,0.93,17.9,9.2,NO,0
2023-10-30,0.9,13.3,0.0,NO,0
2023-10-31,0.86,12.1,0.0,NO,0
2023-11-01,0.9,13.5,9.0,NO,0
2023-11-02,0.88,13.4,0.4,NO,0
2023-11-03,1.02,29.9,3.8,NO,0
2023-11-04,1.02,29.9,0.0,NO,0
2023-11-05,0.97,24.5,0.0,NO,0
2023-11-06,1.0,26.5,0.0,NO,0
2023-11-07,0.93,18.8,0.0,NO,0
2023-11-08,0.96,15.3,11.2,NO,0
2023-11-09,1.02,15.3,0.0,NO,0
2023-11-10,1.0,13.8,1.4,NO,0
2023-11-11,1.07,20.0,0.0,NO,0
2023-11-12,1.3,36.5,0.0,NO,0
2023-11-13,1.12,21.4,0.0,NO,0
2023-11-14,1.04,15.6,3.4,NO,0
2023-11-15,1.03,14.9,0.0,NO,0
2023-11-16,1.05,15.8,0.0,NO,0
2023-11-17,1.0,12.3,0.0,NO,0
2023-11-18,1.04,15.6,0.0,NO,0
2023-11-19,1.01,13.0,0.0,NO,0
2023-11-20,0.97,10.6,0.0,NO,0
2023-11-21,1.03,14.9,2.2,NO,0
2023-11-22,1.49,62.6,0.2,NO,0
2023-11-23,1.55,61.5,0.0,NO,0
2023-11-24,1.09,19.0,0.0,NO,0
2023-11-25,1.09,18.7,0.0,NO,0
2023-11-26,1.07,18.1,0.0,NO,0
2023-11-27,1.06,17.1,0.0,NO,0
2023-11-28,1.19,28.2,1.4,NO,0
2023-11-29,1.15,23.7,0.0,NO,0
2023-11-30,1.33,42.1,28.8,NO,0
2023-12-01,1.97,128.3,4.2,NO,0
2023-12-02,2.07,145.6,0.8,NO,0
2023-12-03,1.83,104.0,0.8,NO,0
2023-12-04,1.67,83.3,4.8,NO,0
2023-12-05,1.51,55.1,0.0,NO,0
2023-12-06,1.44,49.6,0.0,NO,0
2023-12-07,1.36,42.5,3.8,NO,0
2023-12-08,1.28,35.5,0.2,NO,0
2023-12-09,1.31,37.6,0.2,NO,0
2023-12-10,1.22,28.7,0.0,NO,0
2023-12-11,1.23,27.0,0.0,NO,0
2023-12-12,1.13,23.2,1.0,NO,0
2023-12-13,1.19,26.2,1.0,NO,0
2023-12-14,1.37,45.4,1.4,NO,0
2023-12-15,1.45,49.3,0.2,NO,0
2023-12-16,1.42,47.7,0.0,NO,0
2023-12-17,1.26,35.2,0.0,NO,0
2023-12-18,1.17,27.3,0.0,NO,0
2023-12-19,1.08,19.7,0.2,NO,0
2023-12-20,1.23,34.3,0.2,NO,0
2023-12-21,1.47,53.2,0.0,NO,0
2023-12-22,1.43,48.8,0.0,NO,0
2023-12-23,1.26,37.2,0.0,NO,0
2023-12-24,1.16,27.9,0.0,NO,0
2023-12-25,1.09,20.8,0.0,NO,0
2023-12-26,1.1,21.0,0.0,NO,0
2023-12-27,1.1,21.3,0.0,NO,0
2023-12-28,1.13,22.7,0.4,NO,0
2023-12-29,1.07,18.9,0.2,NO,0
2023-12-30,1.04,17.4,0.0,NO,0
2023-12-31,1.03,15.9,0.2,NO,0
2024-01-01,0.98,12.9,0.0,NO,0
2024-01-02,0.99,13.6,0.2,NO,0
2024-01-03,1.07,19.7,0.0,NO,0
2024-01-04,1.0,14.5,2.6,NO,0
2024-01-05,0.99,13.4,3.6,NO,0
2024-01-06,1.03,16.4,15.6,NO,0
2024-01-07,1.59,72.3,3.8,NO,0
2024-01-08,1.81,101.7,0.0,NO,0
2024-01-09,1.66,78.1,0.2,NO,0
2024-01-10,1.46,52.6,1.0,NO,0
2024-01-11,1.26,36.3,0.2,NO,0
2024-01-12,1.26,35.9,0.0,NO,0
2024-01-13,1.25,36.0,0.0,NO,0
2024-01-14,1.32,41.1,0.6,NO,0
2024-01-15,1.44,49.6,0.4,NO,0
2024-01-16,1.48,56.0,1.0,NO,0
2024-01-17,1.45,50.0,0.0,NO,0
2024-01-18,1.44,48.3,4.2,NO,0
2024-01-19,1.29,36.7,0.0,NO,0
2024-01-20,1.26,34.2,0.0,NO,0
2024-01-21,1.27,37.1,0.0,NO,0
2024-01-22,1.23,33.7,0.0,NO,0
2024-01-23,1.09,21.6,0.0,NO,0
2024-01-24,1.16,27.4,0.0,NO,0
2024-01-25,1.21,31.3,0.0,NO,0
2024-01-26,1.08,20.2,0.0,NO,0
2024-01-27,1.05,18.1,0.0,NO,0
2024-01-28,1.03,17.5,0.0,NO,0
2024-01-29,1.03,17.5,0.0,NO,0
2024-01-30,1.03,18.2,0.0,NO,0
2024-01-31,1.09,22.2,0.0,NO,0
2024-02-01,0.97,13.1,0.2,NO,0
2024-02-02,0.99,14.3,0.0,NO,0
2024-02-03,1.05,18.0,0.0,NO,0
2024-02-04,1.02,16.4,0.0,NO,0
2024-02-05,1.05,18.9,0.0,NO,0
2024-02-06,1.03,17.0,0.0,NO,0
2024-02-07,1.0,14.3,0.0,NO,0
2024-02-08,1.01,16.7,4.0,NO,0
2024-02-09,1.1,23.0,8.2,NO,0
2024-02-10,1.05,18.6,0.8,NO,0
2024-02-11,1.2,31.7,0.0,NO,0
2024-02-12,1.19,31.0,0.0,NO,0
2024-02-13,1.07,20.3,0.0,NO,0
2024-02-14,1.06,20.4,0.0,NO,0
2024-02-15,1.05,18.4,14.0,NO,0
2024-02-16,1.24,35.7,1.4,NO,0
2024-02-17,1.38,46.4,0.0,NO,0
2024-02-18,1.31,39.4,0.0,NO,0
2024-02-19,1.21,32.3,0.0,NO,0
2024-02-20,1.17,28.8,0.0,NO,0
2024-02-21,1.13,26.0,0.0,NO,0
2024-02-22,1.19,31.3,21.4,NO,0
2024-02-23,1.29,36.9,2.8,NO,0
2024-02-24,1.3,37.5,6.6,NO,0
2024-02-25,1.5,60.2,5.8,NO,0
2024-02-26,2.09,148.7,29.2,NO,0
2024-02-27,3.68,483.1,1.8,SI,1
2024-02-28,2.86,297.3,0.0,NO,0
2024-02-29,2.37,197.7,5.2,NO,0
2024-03-01,2.24,174.3,0.0,NO,0
2024-03-02,2.07,145.7,6.8,NO,0
2024-03-03,2.17,162.6,0.8,NO,0
2024-03-04,2.06,143.5,0.8,NO,0
2024-03-05,1.98,130.4,0.0,NO,0
2024-03-06,1.78,98.4,0.0,NO,0
2024-03-07,1.64,81.0,3.4,NO,0
2024-03-08,1.63,79.7,1.6,NO,0
2024-03-09,1.63,80.0,1.8,NO,0
2024-03-10,1.69,88.0,0.2,NO,0
2024-03-11,1.66,84.9,0.6,NO,0
2024-03-12,1.61,78.0,0.0,NO,0
2024-03-13,1.55,70.1,0.0,NO,0
2024-03-14,1.49,62.1,0.0,NO,0
2024-03-15,1.43,52.3,0.0,NO,0
2024-03-16,1.42,51.8,0.0,NO,0
2024-03-17,1.38,49.5,0.0,NO,0
2024-03-18,1.35,44.4,0.0,NO,0
2024-03-19,1.31,41.5,0.0,NO,0
2024-03-20,1.27,40.9,0.0,NO,0
2024-03-21,1.26,39.0,0.0,NO,0
2024-03-22,1.16,30.4,0.0,NO,0
2024-03-23,1.14,28.9,0.0,NO,0
2024-03-24,1.14,28.1,0.0,NO,0
2024-03-25,1.16,30.3,6.8,NO,0
2024-03-26,1.22,34.2,0.0,NO,0
2024-03-27,1.19,32.3,0.8,NO,0
2024-03-28,1.16,30.2,6.0,NO,0
2024-03-29,1.28,37.1,0.6,NO,0
2024-03-30,1.4,48.7,2.2,NO,0
2024-03-31,1.42,50.4,7.0,NO,0
2024-04-01,1.4,49.4,0.0,NO,0
2024-04-02,1.37,44.5,0.0,NO,0
2024-04-03,1.36,44.0,0.0,NO,0
2024-04-04,1.34,42.5,0.0,NO,0
2024-04-05,1.12,35.4,0.0,NO,0
2024-04-06,0.98,34.3,0.0,NO,0
2024-04-07,0.97,33.0,0.0,NO,0
2024-04-08,0.97,41.7,4.0,NO,0
2024-04-09,0.95,43.6,0.0,NO,0
2024-04-10,0.93,35.7,0.0,NO,0
2024-04-11,0.92,28.0,0.0,NO,0
2024-04-12,0.91,26.6,0.0,NO,0
2024-04-13,0.88,23.0,0.0,NO,0
2024-04-14,0.87,22.3,0.0,NO,0
2024-04-15,0.88,25.0,0.0,NO,0
2024-04-16,0.9,26.5,0.0,NO,0
2024-04-17,0.87,21.3,0.0,NO,0
2024-04-18,0.88,22.6,0.0,NO,0
2024-04-19,0.92,29.7,0.0,NO,0
2024-04-20,0.89,23.8,0.0,NO,0
2024-04-21,0.88,22.4,0.0,NO,0
2024-04-22,0.87,22.1,0.0,NO,0
2024-04-23,0.86,19.8,3.6,NO,0
2024-04-24,0.84,17.0,0.0,NO,0
2024-04-25,0.85,16.1,3.4,NO,0
2024-04-26,0.87,18.2,4.2,NO,0
2024-04-27,0.88,19.8,0.8,NO,0
2024-04-28,0.87,17.8,1.6,NO,0
2024-04-29,0.86,16.9,0.0,NO,0
2024-04-30,0.87,16.9,21.6,NO,0
2024-05-01,0.88,18.1,2.8,NO,0
2024-05-02,0.88,18.6,0.0,NO,0
2024-05-03,0.89,19.8,0.0,NO,0
2024-05-04,0.93,25.0,0.2,NO,0
2024-05-05,0.9,18.7,10.4,NO,0
2024-05-06,0.89,17.9,0.0,NO,0
2024-05-07,0.89,18.1,0.0,NO,0
2024-05-08,0.9,19.3,0.0,NO,0
2024-05-09,0.87,16.1,0.0,NO,0
2024-05-10,0.87,15.6,0.0,NO,0
2024-05-11,0.85,13.1,5.8,NO,0
2024-05-12,0.85,13.1,0.0,NO,0
2024-05-13,0.86,13.1,19.2,NO,0
2024-05-14,1.02,30.1,14.8,NO,0
2024-05-15,1.3,57.8,1.0,NO,0
2024-05-16,1.36,59.5,0.0,NO,0
2024-05-17,1.25,52.6,14.0,NO,0
2024-05-18,1.17,45.3,6.6,NO,0
2024-05-19,1.0,30.7,12.8,NO,0
2024-05-20,0.96,24.7,3.0,NO,0
2024-05-21,0.9,17.6,4.0,NO,0
2024-05-22,0.99,28.6,3.4,NO,0
2024-05-23,1.0,29.5,0.0,NO,0
2024-05-24,0.99,29.2,0.0,NO,0
2024-05-25,1.04,34.4,0.0,NO,0
2024-05-26,0.98,27.9,0.0,NO,0
2024-05-27,0.89,15.9,0.0,NO,0
2024-05-28,0.88,14.9,0.0,NO,0
2024-05-29,0.91,18.2,0.0,NO,0
2024-05-30,0.9,18.5,0.0,NO,0
2024-05-31,0.92,19.7,0.0,NO,0
2024-06-01,0.89,16.6,0.0,NO,0
2024-06-02,0.88,15.1,0.0,NO,0
2024-06-03,0.88,15.0,0.0,NO,0
2024-06-04,0.89,15.9,0.0,NO,0
2024-06-05,0.9,16.8,0.0,NO,0
2024-06-06,0.87,13.6,0.0,NO,0
2024-06-07,0.87,13.5,0.0,NO,0
2024-06-08,0.86,12.4,4.2,NO,0
2024-06-09,0.86,12.4,0.0,NO,0
2024-06-10,0.87,13.6,0.0,NO,0
2024-06-11,0.87,13.9,0.0,NO,0
2024-06-12,0.87,13.6,0.0,NO,0
2024-06-13,0.87,13.5,0.0,NO,0
2024-06-14,0.87,13.0,0.0,NO,0
2024-06-15,0.87,13.1,0.0,NO,0
2024-06-16,0.88,13.3,0.0,NO,0
2024-06-17,0.9,11.5,0.4,NO,0
2024-06-18,0.96,10.9,3.8,NO,0
2024-06-19,0.94,10.2,8.2,NO,0
2024-06-20,0.95,10.2,21.2,NO,0
2024-06-21,0.95,10.2,0.0,NO,0
2024-06-22,0.95,10.2,0.0,NO,0
2024-06-23,0.95,10.2,0.0,NO,0
2024-06-24,0.95,10.2,0.0,NO,0
2024-06-25,0.94,10.2,25.8,NO,0
2024-06-26,0.82,10.2,3.6,NO,0
2024-06-27,0.86,12.8,0.0,NO,0
2024-06-28,0.88,13.4,0.0,NO,0
2024-06-29,0.89,15.0,1.8,NO,0
2024-06-30,0.87,12.4,0.0,NO,0
2024-07-01,0.86,10.1,0.0,NO,0
2024-07-02,0.95,10.1,0.0,NO,0
2024-07-03,0.88,10.1,0.0,NO,0
2024-07-04,0.83,10.1,0.0,NO,0
2024-07-05,0.88,10.1,4.0,NO,0
2024-07-06,0.95,10.1,0.0,NO,0
2024-07-07,0.95,10.1,0.0,NO,0
2024-07-08,0.95,10.1,0.0,NO,0
2024-07-09,0.95,10.1,0.0,NO,0
2024-07-10,0.95,10.1,0.0,NO,0
2024-07-11,0.95,10.1,0.6,NO,0
2024-07-12,0.92,10.1,0.0,NO,0
2024-07-13,0.95,10.1,0.0,NO,0
2024-07-14,0.95,10.1,0.0,NO,0
2024-07-15,0.92,12.2,1.2,NO,0
2024-07-16,0.89,14.1,0.0,NO,0
2024-07-17,0.88,14.0,0.0,NO,0
2024-07-18,0.87,13.4,0.0,NO,0
2024-07-19,0.89,14.6,0.0,NO,0
2024-07-20,0.9,15.0,3.6,NO,0
2024-07-21,0.9,15.0,0.0,NO,0
2024-07-22,0.92,16.6,0.0,NO,0
2024-07-23,0.93,17.7,0.0,NO,0
2024-07-24,0.94,17.7,0.0,NO,0
2024-07-25,0.93,17.7,0.0,NO,0
2024-07-26,0.93,17.6,0.0,NO,0
2024-07-27,0.92,17.7,0.0,NO,0
2024-07-28,0.93,17.7,0.0,NO,0
2024-07-29,0.93,17.7,0.0,NO,0
2024-07-30,0.93,16.6,0.2,NO,0
2024-07-31,0.93,15.3,0.0,NO,0
2024-08-01,0.93,17.5,0.0,NO,0
2024-08-02,0.93,18.0,3.0,NO,0
2024-08-03,0.93,18.4,0.0,NO,0
2024-08-04,0.93,18.4,0.0,NO,0
2024-08-05,0.93,18.4,0.0,NO,0
2024-08-06,0.92,18.4,0.0,NO,0
2024-08-07,0.93,17.4,0.0,NO,0
2024-08-08,0.97,16.2,0.0,NO,0
2024-08-09,0.91,16.2,0.0,NO,0
2024-08-10,0.91,16.3,0.0,NO,0
2024-08-11,0.92,16.3,0.0,NO,0
2024-08-12,0.91,15.1,4.0,NO,0
2024-08-13,0.91,16.0,8.6,NO,0
2024-08-14,0.91,15.6,0.0,NO,0
2024-08-15,0.91,12.3,0.0,NO,0
2024-08-16,0.94,10.5,0.0,NO,0
2024-08-17,0.95,11.5,0.0,NO,0
2024-08-18,0.92,15.5,1.2,NO,0
2024-08-19,0.93,15.7,0.0,NO,0
2024-08-20,0.92,15.1,0.0,NO,0
2024-08-21,0.92,14.1,0.0,NO,0
2024-08-22,0.88,11.5,0.0,NO,0
2024-08-23,0.87,11.4,0.0,NO,0
2024-08-24,0.86,11.6,0.0,NO,0
2024-08-25,0.86,11.6,0.0,NO,0
2024-08-26,0.87,10.4,0.0,NO,0
2024-08-27,0.93,10.8,0.0,NO,0
2024-08-28,0.97,10.5,7.0,NO,0
2024-08-29,0.97,10.1,7.0,NO,0
2024-08-30,0.97,10.1,0.0,NO,0
2024-08-31,0.97,10.1,15.8,NO,0
2024-09-01,0.97,10.1,0.0,NO,0
2024-09-02,0.97,10.5,0.8,NO,0
2024-09-03,0.98,10.1,7.8,NO,0
2024-09-04,0.98,10.2,1.2,NO,0
2024-09-05,0.97,10.2,10.8,NO,0
2024-09-06,0.98,11.2,0.0,NO,0
2024-09-07,1.0,21.9,0.0,NO,0
2024-09-08,0.87,10.3,0.0,NO,0
2024-09-09,0.93,10.1,0.0,NO,0
2024-09-10,0.98,10.0,0.0,NO,0
2024-09-11,0.98,10.0,1.2,NO,0
2024-09-12,0.99,11.2,2.6,NO,0
2024-09-13,1.03,17.2,0.0,NO,0
2024-09-14,1.07,19.7,0.0,NO,0
2024-09-15,0.9,12.4,0.0,NO,0
2024-09-16,0.88,10.9,0.0,NO,0
2024-09-17,0.9,12.9,0.0,NO,0
2024-09-18,0.93,10.3,0.0,NO,0
2024-09-19,0.97,10.3,0.2,NO,0
2024-09-20,0.97,10.3,1.6,NO,0
2024-09-21,0.98,10.3,4.6,NO,0
2024-09-22,1.17,22.6,10.0,NO,0
2024-09-23,1.1,22.2,0.0,NO,0
2024-09-24,0.89,12.8,0.0,NO,0
2024-09-25,0.86,10.4,0.0,NO,0
2024-09-26,0.86,10.8,2.2,NO,0
2024-09-27,0.86,10.5,0.0,NO,0
2024-09-28,0.87,10.7,0.0,NO,0
2024-09-29,0.87,10.4,0.0,NO,0
2024-09-30,0.87,10.4,0.0,NO,0
2024-10-01,0.857,10.314,8.4,NO,0
2024-10-02,0.863,10.3,12.6,NO,0
2024-10-03,0.872,10.909,0.0,NO,0
2024-10-04,0.863,10.54,0.0,NO,0
2024-10-05,0.86,10.54,0.0,NO,0
2024-10-06,0.86,10.54,4.6,NO,0
2024-10-07,0.98,19.358,2.0,NO,0
2024-10-08,1.512,61.044,0.0,NO,0
2024-10-09,1.508,51.493,5.8,NO,0
2024-10-10,1.285,48.392,0.0,NO,0
2024-10-11,1.261,45.221,0.0,NO,0
2024-10-12,1.086,32.625,0.0,NO,0
2024-10-13,0.989,22.125,0.0,NO,0
2024-10-14,0.958,17.661,0.2,NO,0
2024-10-15,0.956,18.31,3.4,NO,0
2024-10-16,0.916,14.643,30.8,NO,0
2024-10-17,0.99,22.105,9.2,NO,0
2024-10-18,1.35,57.574,0.0,NO,0
2024-10-19,1.424,58.941,0.0,NO,0
2024-10-20,1.167,40.173,0.0,NO,0
2024-10-21,1.087,32.565,0.0,NO,0
2024-10-22,0.998,25.093,0.0,NO,0
2024-10-23,0.96,20.659,0.0,NO,0
2024-10-24,0.962,19.699,11.8,NO,0
2024-10-25,1.01,25.269,7.6,NO,0
2024-10-26,1.186,39.421,18.6,NO,0
2024-10-27,1.299,54.0,0.2,NO,0
2024-10-28,1.592,77.379,0.0,NO,0
2024-10-29,1.279,48.945,1.4,NO,0
2024-10-30,1.145,38.956,5.4,NO,0
2024-10-31,1.279,44.273,0.0,NO,0
2024-11-01,1.056,28.962,0.0,NO,0
2024-11-02,1.028,26.909,0.0,NO,0
2024-11-03,0.958,17.256,0.0,NO,0
2024-11-04,0.943,16.468,0.0,NO,0
2024-11-05,0.947,17.773,0.0,NO,0
2024-11-06,0.957,18.852,0.0,NO,0
2024-11-07,1.008,16.417,0.0,NO,0
2024-11-08,1.025,17.844,4.0,NO,0
2024-11-09,0.95,18.0,0.0,NO,0
2024-11-10,0.935,16.233,0.6,NO,0
2024-11-11,1.038,26.922,0.0,NO,0
2024-11-12,1.094,30.828,3.0,NO,0
2024-11-13,1.091,30.378,0.0,NO,0
2024-11-14,1.11,32.269,0.0,NO,0
2024-11-15,0.964,19.915,0.0,NO,0
2024-11-16,0.95,18.971,0.0,NO,0
2024-11-17,0.943,18.566,0.0,NO,0
2024-11-18,0.978,23.403,0.0,NO,0
2024-11-19,0.924,16.925,0.0,NO,0
2024-11-20,0.942,18.675,0.0,NO,0
2024-11-21,0.907,15.469,6.2,NO,0
2024-11-22,1.031,30.646,0.0,NO,0
2024-11-23,1.05,33.107,0.0,NO,0
2024-11-24,0.972,33.31,1.4,NO,0
2024-11-25,0.938,20.603,7.4,NO,0
2024-11-26,1.065,35.557,0.0,NO,0
2024-11-27,1.042,32.377,0.0,NO,0
2024-11-28,0.927,13.944,0.0,NO,0
2024-11-29,0.907,17.37,0.0,NO,0
2024-11-30,0.92,19.0,0.0,NO,0
2024-12-01,0.918,18.912,0.4,NO,0
2024-12-02,0.917,18.85,0.8,NO,0
2024-12-03,0.908,17.827,6.4,NO,0
2024-12-04,0.918,18.804,0.0,NO,0
2024-12-05,1.041,34.341,0.2,NO,0
2024-12-06,1.072,37.744,0.0,NO,0
2024-12-07,1.096,42.294,5.2,NO,0
2024-12-08,1.626,95.919,36.4,NO,0
2024-12-09,2.866,292.163,4.8,NO,0
2024-12-10,2.872,292.974,0.4,NO,0
2024-12-11,2.181,167.791,0.0,NO,0
2024-12-12,1.815,113.988,0.0,NO,0
2024-12-13,1.633,98.239,0.4,NO,0
2024-12-14,1.495,83.003,0.0,NO,0
2024-12-15,1.453,79.451,0.0,NO,0
2024-12-16,1.518,86.432,0.0,NO,0
2024-12-17,1.449,78.091,0.0,NO,0
2024-12-18,1.344,68.487,0.8,NO,0
2024-12-19,1.545,84.39,2.0,NO,0
2024-12-20,1.671,103.702,0.0,NO,0
2024-12-21,1.553,89.918,0.0,NO,0
2024-12-22,1.385,72.034,3.6,NO,0
2024-12-23,1.657,101.128,1.0,NO,0
2024-12-24,1.738,109.374,0.0,NO,0
2024-12-25,1.58,95.382,0.0,NO,0
2024-12-26,1.444,79.693,0.2,NO,0
2024-12-27,1.26,60.843,0.0,NO,0
2024-12-28,1.175,53.671,0.0,NO,0
2024-12-29,1.083,47.059,0.0,NO,0
2024-12-30,1.074,46.7,0.0,NO,0
2024-12-31,1.033,38.055,0.0,NO,0
2025-01-01,0.97,30.72,0.0,NO,0
2025-01-02,0.982,33.026,0.2,NO,0
2025-01-03,0.995,34.539,7.6,NO,0
2025-01-04,0.994,35.4,0.2,NO,0
2025-01-05,1.06,44.839,1.0,NO,0
2025-01-06,1.039,41.865,1.4,NO,0
2025-01-07,1.0,34.993,0.0,NO,0
2025-01-08,1.009,36.21,0.0,NO,0
2025-01-09,1.021,37.465,0.0,NO,0
2025-01-10,0.987,33.786,10.4,NO,0
2025-01-11,0.966,33.796,0.4,NO,0
2025-01-12,1.464,81.103,0.0,NO,0
2025-01-13,1.216,57.087,0.0,NO,0
2025-01-14,1.114,49.047,0.0,NO,0
2025-01-15,1.052,42.997,0.0,NO,0
2025-01-16,1.05,41.761,0.0,NO,0
2025-01-17,1.012,36.671,0.0,NO,0
2025-01-18,0.963,30.838,0.0,NO,0
2025-01-19,1.02,37.598,2.4,NO,0
2025-01-20,1.017,36.745,0.0,NO,0
2025-01-21,0.941,28.061,2.8,NO,0
2025-01-22,0.951,28.214,8.2,NO,0
2025-01-23,1.057,41.589,0.4,NO,0
2025-01-24,1.06,42.117,1.2,NO,0
2025-01-25,1.152,52.467,1.4,NO,0
2025-01-26,1.185,55.903,7.2,NO,0
2025-01-27,1.117,50.156,4.2,NO,0
2025-01-28,1.325,69.704,0.6,NO,0
2025-01-29,1.319,66.944,3.8,NO,0
2025-01-30,1.352,72.336,7.0,NO,0
2025-01-31,2.475,221.268,0.0,NO,0
2025-02-01,1.916,125.956,0.0,NO,0
2025-02-02,1.96,126.333,0.4,NO,0
2025-02-03,1.935,122.289,0.0,NO,0
2025-02-04,1.689,102.235,0.2,NO,0
2025-02-05,1.554,93.103,0.0,NO,0
2025-02-06,1.441,79.771,0.0,NO,0
2025-02-07,1.385,73.268,9.2,NO,0
2025-02-08,1.385,74.085,0.0,NO,0
2025-02-09,1.396,74.84,0.0,NO,0
2025-02-10,1.35,69.88,1.6,NO,0
2025-02-11,1.341,71.414,7.6,NO,0
2025-02-12,1.357,70.418,1.4,NO,0
2025-02-13,1.468,83.056,0.2,NO,0
2025-02-14,1.452,80.834,0.0,NO,0
2025-02-15,1.345,78.35,0.0,NO,0
2025-02-16,1.247,1.0,0.0,NO,0
2025-02-17,1.233,59.924,0.0,NO,0
2025-02-18,1.152,52.876,0.0,NO,0
2025-02-19,1.122,52.145,0.0,NO,0
2025-02-20,1.096,50.193,0.0,NO,0
2025-02-21,1.034,41.89,6.4,NO,0
2025-02-22,1.023,39.855,0.0,NO,0
2025-02-23,1.12,41.02,0.0,NO,0
2025-02-24,1.127,40.178,2.6,NO,0
2025-02-25,1.038,45.586,0.8,NO,0
2025-02-26,1.067,46.982,0.0,NO,0
2025-02-27,1.072,47.138,0.0,NO,0
2025-02-28,1.171,42.312,0.0,NO,0
2025-03-01,1.234,34.945,0.0,NO,0
2025-03-02,1.235,35.653,0.8,NO,0
2025-03-03,1.173,30.162,2.8,NO,0
2025-03-04,1.087,24.516,0.0,NO,0
2025-03-05,1.205,32.611,0.8,NO,0
2025-03-06,1.209,33.044,0.2,NO,0
2025-03-07,1.134,27.44,0.6,NO,0
2025-03-08,1.11,26.159,9.4,NO,0
2025-03-09,1.217,37.724,0.0,NO,0
2025-03-10,1.233,38.665,1.2,NO,0
2025-03-11,1.202,35.011,1.4,NO,0
2025-03-12,1.165,31.149,7.2,NO,0
2025-03-13,1.297,42.409,0.2,NO,0
2025-03-14,1.286,41.147,0.0,NO,0
2025-03-15,1.309,43.16,0.2,NO,0
2025-03-16,1.292,41.078,0.0,NO,0
2025-03-17,1.274,39.71,0.0,NO,0
2025-03-18,1.204,33.253,1.4,NO,0
2025-03-19,1.205,34.082,0.0,NO,0
2025-03-20,1.188,32.326,21.8,NO,0
2025-03-21,1.289,39.991,1.0,NO,0
2025-03-22,1.51,69.183,2.6,NO,0
2025-03-23,1.603,80.97,6.4,NO,0
2025-03-24,1.731,98.083,4.2,NO,0
2025-03-25,2.71,260.66,0.2,NO,0
2025-03-26,2.172,162.524,0.0,NO,0
2025-03-27,1.89,116.743,0.0,NO,0
2025-03-28,1.724,95.07,0.2,NO,0
2025-03-29,1.634,82.941,1.0,NO,0
2025-03-30,1.594,77.206,0.0,NO,0
2025-03-31,1.467,63.355,0.0,NO,0
2025-04-01,1.392,54.633,0.0,NO,0
2025-04-02,1.377,51.973,13.8,NO,0
2025-04-03,1.44,58.105,1.0,NO,0
2025-04-04,1.453,60.581,0.4,NO,0
2025-04-05,1.417,58.087,0.0,NO,0
2025-04-06,1.366,51.533,0.0,NO,0
2025-04-07,1.347,47.792,0.0,NO,0
2025-04-08,1.32,44.328,0.0,NO,0
2025-04-09,1.3,42.518,0.0,NO,0
2025-04-10,1.287,40.854,0.8,NO,0
2025-04-11,1.257,38.384,0.0,NO,0
2025-04-12,1.219,35.255,7.2,NO,0
2025-04-13,1.253,37.999,7.6,NO,0
2025-04-14,1.404,54.903,0.0,NO,0
2025-04-15,1.427,57.664,3.0,NO,0
2025-04-16,1.385,53.709,0.4,NO,0
2025-04-17,1.361,51.094,0.0,NO,0
2025-04-18,1.344,47.654,16.8,NO,0
2025-04-19,1.322,43.596,1.8,NO,0
2025-04-20,1.436,58.292,1.6,NO,0
2025-04-21,1.472,61.99,9.4,NO,0
2025-04-22,1.54,70.199,0.0,NO,0
2025-04-23,1.622,79.113,0.0,NO,0
2025-04-24,1.44,57.911,0.0,NO,0
2025-04-25,1.405,54.077,20.0,NO,0
2025-04-26,1.465,57.258,0.6,NO,0
2025-04-27,1.413,53.567,0.2,NO,0
2025-04-28,1.489,65.01,0.0,NO,0
2025-04-29,1.372,52.36,0.0,NO,0
2025-04-30,1.278,43.876,0.0,NO,0
2025-05-01,1.29,43.22,0.0,NO,0
2025-05-02,1.263,41.918,13.6,NO,0
2025-05-03,1.263,39.532,0.0,NO,0
2025-05-04,1.238,37.296,5.0,NO,0
2025-05-05,1.294,41.103,0.4,NO,0
2025-05-06,1.398,55.89,0.6,NO,0
2025-05-07,1.358,51.336,0.2,NO,0
2025-05-08,1.255,39.204,0.0,NO,0
2025-05-09,1.18,33.323,11.8,NO,0
2025-05-10,1.274,40.243,8.0,NO,0
2025-05-11,1.403,53.843,4.8,NO,0
2025-05-12,1.404,54.313,0.6,NO,0
2025-05-13,1.311,44.254,2.0,NO,0
2025-05-14,1.383,53.233,1.4,NO,0
2025-05-15,1.591,75.773,0.0,NO,0
2025-05-16,1.859,111.077,0.0,NO,0
2025-05-17,1.651,78.205,0.0,NO,0
2025-05-18,1.513,62.66,2.2,NO,0
2025-05-19,1.41,50.727,26.2,NO,0
2025-05-20,1.324,44.304,0.0,NO,0
2025-05-21,1.294,45.642,1.6,NO,0
2025-05-22,1.27,43.909,0.2,NO,0
2025-05-23,1.255,39.788,0.0,NO,0
2025-05-24,1.189,32.104,0.0,NO,0
2025-05-25,1.114,25.12,0.0,NO,0
2025-05-26,1.188,31.001,0.0,NO,0
2025-05-27,1.175,29.596,0.0,NO,0
2025-05-28,1.089,23.061,0.0,NO,0
2025-05-29,1.106,24.834,0.0,NO,0
2025-05-30,1.102,25.591,1.6,NO,0
2025-05-31,1.096,25.263,0.4,NO,0
2025-06-01,1.034,19.906,19.2,NO,0
2025-06-02,1.01,19.713,2.0,NO,0
2025-06-03,1.158,29.064,4.2,NO,0
2025-06-04,1.106,24.5,0.0,NO,0
2025-06-05,1.106,24.668,0.0,NO,0
2025-06-06,1.103,24.299,0.0,NO,0
2025-06-07,1.046,20.665,0.0,NO,0
2025-06-08,0.96,15.66,0.0,NO,0
2025-06-09,0.944,15.66,0.0,NO,0
2025-06-10,0.957,16.102,0.0,NO,0
2025-06-11,1.001,18.382,11.4,NO,0
2025-06-12,1.017,18.694,0.0,NO,0
2025-06-13,1.035,19.6,0.0,NO,0
2025-06-14,1.012,18.18,0.0,NO,0
2025-06-15,0.97,15.968,0.0,NO,0
2025-06-16,0.955,15.398,0.0,NO,0
2025-06-17,0.95,15.35,0.0,NO,0
2025-06-18,0.942,14.496,0.0,NO,0
2025-06-19,0.934,13.9,10.0,NO,0
2025-06-20,0.884,11.842,0.0,NO,0
2025-06-21,0.853,10.827,2.4,NO,0
2025-06-22,0.954,14.591,0.2,NO,0
2025-06-23,0.922,13.585,0.0,NO,0
2025-06-24,1.008,17.5,26.6,NO,0
2025-06-25,1.142,23.145,0.0,NO,0
2025-06-26,1.059,19.805,0.0,NO,0
2025-06-27,1.0,17.0,0.0,NO,0
2025-06-28,1.009,17.375,0.0,NO,0
2025-06-29,0.962,14.929,0.0,NO,0
2025-06-30,0.966,15.172,0.0,NO,0
2025-07-01,1.018,16.949,0.0,NO,0
2025-07-02,0.96,15.14,0.0,NO,0
2025-07-03,1.014,18.115,0.0,NO,0
2025-07-04,1.103,23.382,0.0,NO,0
2025-07-05,1.108,23.869,0.0,NO,0
2025-07-06,1.041,19.194,0.0,NO,0
2025-07-07,1.005,17.186,0.0,NO,0
2025-07-08,0.938,14.107,0.0,NO,0
2025-07-09,0.949,14.0,0.0,NO,0
2025-07-10,0.946,14.0,0.0,NO,0
2025-07-11,0.959,16.095,0.0,NO,0
2025-07-12,1.036,27.467,0.0,NO,0
2025-07-13,0.948,20.047,0.0,NO,0
2025-07-14,0.939,15.758,0.0,NO,0
2025-07-15,0.935,14.514,0.0,NO,0
2025-07-16,0.885,11.984,0.0,NO,0
2025-07-17,0.86,11.0,0.0,NO,0
2025-07-18,0.86,11.0,0.0,NO,0
2025-07-19,0.86,11.0,0.0,NO,0
2025-07-20,0.86,11.0,0.0,NO,0
2025-07-21,0.869,12.643,0.0,NO,0
2025-07-22,0.956,15.707,0.0,NO,0
2025-07-23,0.984,17.601,0.0,NO,0
2025-07-24,0.953,15.738,0.0,NO,0
2025-07-25,0.938,15.0,0.0,NO,0
2025-07-26,0.939,15.0,0.0,NO,0
2025-07-27,0.94,15.0,0.0,NO,0
2025-07-28,0.965,16.551,0.0,NO,0
2025-07-29,0.967,15.582,0.0,NO,0
2025-07-30,0.96,15.136,0.0,NO,0
2025-07-31,0.949,15.284,0.0,NO,0
2025-08-01,0.93,14.38,0.0,NO,0
2025-08-02,0.93,14.38,0.0,NO,0
2025-08-03,0.929,14.38,0.0,NO,0
2025-08-04,0.923,14.38,0.0,NO,0
2025-08-05,0.93,14.38,0.0,NO,0
2025-08-06,0.922,14.031,0.0,NO,0
2025-08-07,0.922,14.2,0.0,NO,0
2025-08-08,0.923,14.2,0.0,NO,0
2025-08-09,0.923,14.2,0.0,NO,0
2025-08-10,0.93,14.2,0.0,NO,0
2025-08-11,0.93,14.2,0.0,NO,0
2025-08-12,0.93,14.2,0.0,NO,0
2025-08-13,0.905,13.491,0.0,NO,0
2025-08-14,0.867,11.275,0.0,NO,0
2025-08-15,0.867,11.2,0.0,NO,0
2025-08-16,0.87,11.2,0.0,NO,0
2025-08-17,0.87,11.324,0.0,NO,0
2025-08-18,0.857,10.463,0.0,NO,0
2025-08-19,0.847,10.1,0.0,NO,0
2025-08-20,0.849,10.254,0.0,NO,0
2025-08-21,0.845,10.34,0.0,NO,0
2025-08-22,0.84,10.34,0.0,NO,0
2025-08-23,0.843,10.34,0.0,NO,0
2025-08-24,0.85,10.34,0.0,NO,0
2025-08-25,0.883,11.677,0.0,NO,0
2025-08-26,0.91,12.5,0.0,NO,0
2025-08-27,0.91,12.5,0.0,NO,0
2025-08-28,0.905,12.852,0.0,NO,0
2025-08-29,0.902,12.69,0.0,NO,0
2025-08-30,0.9,12.5,0.0,NO,0
2025-08-31,0.9,12.5,0.0,NO,0
2025-09-01,0.901,12.5,0.0,NO,0
2025-09-02,0.9,12.5,0.0,NO,0
2025-09-03,0.902,12.5,0.0,NO,0
2025-09-04,0.904,12.5,0.0,NO,0
2025-09-05,0.887,11.675,0.0,NO,0
2025-09-06,0.87,11.18,0.0,NO,0
2025-09-07,0.87,11.18,0.0,NO,0
2025-09-08,0.869,11.18,0.0,NO,0
2025-09-09,0.872,11.414,0.0,NO,0
2025-09-10,0.87,11.61,0.0,NO,0
2025-09-11,0.871,11.61,0.0,NO,0
2025-09-12,0.876,11.61,0.0,NO,0
2025-09-13,0.88,11.61,0.0,NO,0
2025-09-14,0.88,11.61,0.0,NO,0
2025-09-15,0.88,11.61,0.0,NO,0
2025-09-16,0.881,11.61,0.0,NO,0
2025-09-17,0.882,11.61,0.0,NO,0
2025-09-18,0.879,11.341,0.0,NO,0
2025-09-19,0.874,11.01,0.0,NO,0
2025-09-20,0.875,11.01,0.0,NO,0
2025-09-21,0.88,11.01,0.0,NO,0
2025-09-22,0.88,10.991,0.0,NO,0
2025-09-23,0.88,10.98,0.0,NO,0
2025-09-24,0.88,11.001,0.0,NO,0
2025-09-25,0.88,11.05,0.0,NO,0
2025-09-26,0.882,11.05,0.0,NO,0
2025-09-27,0.883,11.05,0.0,NO,0
2025-09-28,0.88,11.05,0.0,NO,0
2025-09-29,0.886,11.05,0.0,NO,0
2025-09-30,0.887,11.05,0.0,NO,0
2025-10-01,0.885,11.05,0.0,NO,0
2025-10-02,0.89,11.05,0.0,NO,0
2025-10-03,0.889,11.05,0.0,NO,0
2025-10-04,0.886,11.05,0.0,NO,0
2025-10-05,0.887,11.05,0.0,NO,0
2025-10-06,0.887,11.05,0.0,NO,0
2025-10-07,0.882,10.761,0.0,NO,0
2025-10-08,0.876,10.509,0.0,NO,0
2025-10-09,0.892,11.249,0.0,NO,0
2025-10-10,0.87,10.95,0.0,NO,0
2025-10-11,0.87,10.95,0.0,NO,0
2025-10-12,0.874,10.95,0.0,NO,0
2025-10-13,0.874,10.95,0.0,NO,0
2025-10-14,0.881,10.862,0.0,NO,0
2025-10-15,0.884,10.219,0.0,NO,0
2025-10-16,0.901,10.269,0.0,NO,0
2025-10-17,0.9,10.13,0.0,NO,0
2025-10-18,0.9,10.13,0.0,NO,0
2025-10-19,0.9,10.13,1.6,NO,0
2025-10-20,0.9,10.13,0.0,NO,0
2025-10-21,0.902,10.13,0.0,NO,0
2025-10-22,0.9,10.761,1.2,NO,0
2025-10-23,0.887,11.14,0.0,NO,0
2025-10-24,0.867,10.51,2.4,NO,0
2025-10-25,0.876,10.323,2.8,NO,0
2025-10-26,0.88,9.603,0.0,NO,0
2025-10-27,0.884,10.02,0.0,NO,0
2025-10-28,0.883,10.02,0.0,NO,0
2025-10-29,0.88,10.02,0.8,NO,0
2025-10-30,0.886,9.894,0.2,NO,0
2025-10-31,0.889,10.539,1.6,NO,0
2025-11-01,0.89,10.29,0.6,NO,0
2025-11-02,0.888,10.288,0.0,NO,0
2025-11-03,0.877,10.1,0.0,NO,0
2025-11-04,0.88,10.1,0.0,NO,0
2025-11-05,0.88,10.1,8.4,NO,0
2025-11-06,0.88,10.1,1.2,NO,0
2025-11-07,0.88,10.153,13.0,NO,0
2025-11-08,0.87,10.45,0.0,NO,0
2025-11-09,0.87,10.45,0.0,NO,0
2025-11-10,0.87,10.463,0.0,NO,0
2025-11-11,0.829,10.413,0.0,NO,0
2025-11-12,0.819,10.193,0.0,NO,0
2025-11-13,0.85,10.3,4.6,NO,0
2025-11-14,0.87,10.52,0.4,NO,0
2025-11-15,0.87,10.25,3.8,NO,0
2025-11-16,0.87,10.25,0.2,NO,0
2025-11-17,0.87,10.25,0.2,NO,0
2025-11-18,0.87,10.25,0.0,NO,0
2025-11-19,0.87,10.25,0.2,NO,0
2025-11-20,0.87,10.25,21.8,NO,0
2025-11-21,0.885,12.093,6.2,NO,0
2025-11-22,1.103,23.657,0.0,NO,0
2025-11-23,0.975,16.299,0.0,NO,0
2025-11-24,1.179,35.183,6.2,NO,0
2025-11-25,1.681,90.432,11.0,NO,0
2025-11-26,1.634,88.149,1.0,NO,0
2025-11-27,1.213,53.743,0.0,NO,0
2025-11-28,1.054,39.961,0.0,NO,0
2025-11-29,1.001,33.506,7.6,NO,0
2025-11-30,0.979,30.654,0.6,NO,0
2025-12-01,1.004,34.667,2.4,NO,0
2025-12-02,1.002,33.918,0.4,NO,0
2025-12-03,0.942,22.945,0.4,NO,0
2025-12-04,0.929,14.537,6.2,NO,0
2025-12-05,1.066,37.969,0.0,NO,0
2025-12-06,1.182,53.359,0.0,NO,0
2025-12-07,1.084,44.672,0.0,NO,0
2025-12-08,0.992,26.73,0.0,NO,0
2025-12-09,0.937,25.987,0.2,NO,0
2025-12-10,0.957,21.96,5.0,NO,0
2025-12-11,0.954,16.19,0.0,NO,0
2025-12-12,0.938,15.372,0.0,NO,0
2025-12-13,0.93,15.0,0.0,NO,0
2025-12-14,0.938,15.0,0.0,NO,0
2025-12-15,0.902,13.145,1.2,NO,0
2025-12-16,0.88,12.073,1.0,NO,0
2025-12-17,0.874,12.0,0.0,NO,0
2025-12-18,0.87,12.0,0.0,NO,0
2025-12-19,0.87,12.0,6.2,NO,0
2025-12-20,0.882,12.313,0.2,NO,0
2025-12-21,0.941,24.223,0.8,NO,0
2025-12-22,1.02,35.657,0.0,NO,0
2025-12-23,1.087,35.921,0.8,NO,0
2025-12-24,1.136,30.298,0.6,NO,0
2025-12-25,1.11,28.377,0.0,NO,0
2025-12-26,1.151,31.312,3.0,NO,0
2025-12-27,1.083,25.802,0.2,NO,0
2025-12-28,1.022,21.104,0.0,NO,0
2025-12-29,0.977,17.643,0.0,NO,0
2025-12-30,0.937,15.221,0.0,NO,0
2025-12-31,0.91,13.97,0.0,NO,0
2026-01-01,0.911,13.97,0.0,NO,0
2026-01-02,0.924,14.795,1.0,NO,0
2026-01-03,0.941,15.644,3.2,NO,0
2026-01-04,0.93,14.89,0.0,NO,0
2026-01-05,0.929,14.89,0.0,NO,0
2026-01-06,0.93,14.89,1.4,NO,0
2026-01-07,0.933,15.663,0.0,NO,0
2026-01-08,0.884,12.324,1.6,NO,0
2026-01-09,1.072,33.126,1.2,NO,0
2026-01-10,0.927,27.498,0.0,NO,0
2026-01-11,0.973,32.915,0.0,NO,0
2026-01-12,1.003,33.738,0.0,NO,0
2026-01-13,0.922,25.244,0.0,NO,0
2026-01-14,0.934,25.5,0.0,NO,0
2026-01-15,0.923,24.729,0.0,NO,0
2026-01-16,0.917,16.817,0.0,NO,0
2026-01-17,0.902,13.479,10.6,NO,0
2026-01-18,0.902,15.548,3.2,NO,0
2026-01-19,0.963,31.288,0.0,NO,0
2026-01-20,0.982,33.927,0.0,NO,0
2026-01-21,0.934,28.81,2.2,NO,0
2026-01-22,0.948,30.501,0.2,NO,0
2026-01-23,0.974,33.764,2.4,NO,0
2026-01-24,0.972,33.237,0.0,NO,0
2026-01-25,0.932,27.993,2.8,NO,0
2026-01-26,0.962,26.578,5.0,NO,0
2026-01-27,1.057,41.072,1.0,NO,0
2026-01-28,1.349,70.781,0.8,NO,0
2026-01-29,1.336,67.16,3.6,NO,0
2026-01-30,1.19,53.748,4.2,NO,0
2026-01-31,1.174,52.885,0.2,NO,0
